.pred,date_time,datetime,date,year,month,wday,day,hour,dow,doy,quarter,period,hourly_temperature_2m.x,hourly_weathercode.x,hourly_temperature_2m.y,hourly_weathercode.y,average_temp,temp_diff,brux_wc,brug_wc,holiday,holiday_flag,max_past_24,min_past_24,mean_week,last_period,cooling,h_sin,time_human,type,resolution_code,total_load,temperature_2m,weather_code,weekday,label
7040.200593287454,2023-05-04T00:15:00Z,2023-05-04T00:15:00Z,2023-05-04,2023,5,5,4,0,5,124,2,0 15,NA,NA,NA,NA,NA,NA,NA,NA,NA,0,7549.858,7549.858,7549.858,9071.798,NA,0,morning,preds,NA,NA,NA,NA,NA,NA
7020.245422231588,2023-05-04T00:30:00Z,2023-05-04T00:30:00Z,2023-05-04,2023,5,5,4,0,5,124,2,0 30,NA,NA,NA,NA,NA,NA,NA,NA,NA,0,7549.858,7549.858,7549.858,9071.798,NA,0,morning,preds,NA,NA,NA,NA,NA,NA
7041.4450044105415,2023-05-04T00:45:00Z,2023-05-04T00:45:00Z,2023-05-04,2023,5,5,4,0,5,124,2,0 45,NA,NA,NA,NA,NA,NA,NA,NA,NA,0,7549.858,7549.858,7549.858,9071.798,NA,0,morning,preds,NA,NA,NA,NA,NA,NA
6268.28196186305,2023-05-04T01:00:00Z,2023-05-04T01:00:00Z,2023-05-04,2023,5,5,4,1,5,124,2,1 0,9.5,3,9.3,2,9.4,0.1999999999999993,2,3,NA,0,7549.858,7549.858,7549.858,9071.798,15,0.2697967711570243,morning,preds,NA,NA,NA,NA,NA,NA
6388.332077998318,2023-05-04T01:15:00Z,2023-05-04T01:15:00Z,2023-05-04,2023,5,5,4,1,5,124,2,1 15,NA,NA,NA,NA,9.4,0.1999999999999993,NA,NA,NA,0,7549.858,6862.621,7412.4106,7979.863,15,0.2697967711570243,morning,preds,NA,NA,NA,NA,NA,NA
6392.178847922818,2023-05-04T01:30:00Z,2023-05-04T01:30:00Z,2023-05-04,2023,5,5,4,1,5,124,2,1 30,NA,NA,NA,NA,9.4,0.1999999999999993,NA,NA,NA,0,7549.858,6862.621,7320.779,7979.863,15,0.2697967711570243,morning,preds,NA,NA,NA,NA,NA,NA
6437.578211982381,2023-05-04T01:45:00Z,2023-05-04T01:45:00Z,2023-05-04,2023,5,5,4,1,5,124,2,1 45,NA,NA,NA,NA,9.4,0.1999999999999993,NA,NA,NA,0,7549.858,6862.621,7255.327857142857,7979.863,15,0.2697967711570243,morning,preds,NA,NA,NA,NA,NA,NA
6569.56568964974,2023-05-04T02:00:00Z,2023-05-04T02:00:00Z,2023-05-04,2023,5,5,4,2,5,124,2,2 0,9.1,3,8.7,1,8.899999999999999,0.40000000000000036,1,3,NA,0,7549.858,6862.621,7206.2395,7979.863,15,0.5195839500354336,morning,preds,NA,NA,NA,NA,NA,NA
6962.195429950229,2023-05-04T02:15:00Z,2023-05-04T02:15:00Z,2023-05-04,2023,5,5,4,2,5,124,2,2 15,NA,NA,NA,NA,8.899999999999999,0.40000000000000036,NA,NA,NA,0,7904.621,6862.621,7283.837444444444,8244.183,15,0.5195839500354336,morning,preds,NA,NA,NA,NA,NA,NA
6871.371526439436,2023-05-04T02:30:00Z,2023-05-04T02:30:00Z,2023-05-04,2023,5,5,4,2,5,124,2,2 30,NA,NA,NA,NA,8.899999999999999,0.40000000000000036,NA,NA,NA,0,7904.621,6862.621,7345.9158,8244.183,15,0.5195839500354336,morning,preds,NA,NA,NA,NA,NA,NA
6809.346825875242,2023-05-04T02:45:00Z,2023-05-04T02:45:00Z,2023-05-04,2023,5,5,4,2,5,124,2,2 45,NA,NA,NA,NA,8.899999999999999,0.40000000000000036,NA,NA,NA,0,7904.621,6862.621,7396.707181818182,8244.183,15,0.5195839500354336,morning,preds,NA,NA,NA,NA,NA,NA
6842.884034249529,2023-05-04T03:00:00Z,2023-05-04T03:00:00Z,2023-05-04,2023,5,5,4,3,5,124,2,3 0,8.7,3,8.2,3,8.45,0.5,3,3,NA,0,7904.621,6862.621,7439.033333333334,8244.183,15,0.730835964278124,morning,preds,NA,NA,NA,NA,NA,NA
7191.779460127384,2023-05-04T03:15:00Z,2023-05-04T03:15:00Z,2023-05-04,2023,5,5,4,3,5,124,2,3 15,NA,NA,NA,NA,8.45,0.5,NA,NA,NA,0,8306.874,6862.621,7505.790307692308,8342.934,15,0.730835964278124,morning,preds,NA,NA,NA,NA,NA,NA
7128.352611022127,2023-05-04T03:30:00Z,2023-05-04T03:30:00Z,2023-05-04,2023,5,5,4,3,5,124,2,3 30,NA,NA,NA,NA,8.45,0.5,NA,NA,NA,0,8306.874,6862.621,7563.010571428572,8342.934,15,0.730835964278124,morning,preds,NA,NA,NA,NA,NA,NA
6894.217381496296,2023-05-04T03:45:00Z,2023-05-04T03:45:00Z,2023-05-04,2023,5,5,4,3,5,124,2,3 45,NA,NA,NA,NA,8.45,0.5,NA,NA,NA,0,8306.874,6862.621,7612.601466666667,8342.934,15,0.730835964278124,morning,preds,NA,NA,NA,NA,NA,NA
7224.466137702505,2023-05-04T04:00:00Z,2023-05-04T04:00:00Z,2023-05-04,2023,5,5,4,4,5,124,2,4 0,8.3,3,7.7,3,8,0.6000000000000005,3,3,NA,0,8306.874,6862.621,7655.9935000000005,8342.934,15,0.8878852184023752,morning,preds,NA,NA,NA,NA,NA,NA
7364.205845766403,2023-05-04T04:15:00Z,2023-05-04T04:15:00Z,2023-05-04,2023,5,5,4,4,5,124,2,4 15,NA,NA,NA,NA,8,0.6000000000000005,NA,NA,NA,0,8403.079,6862.621,7699.939705882353,8892.218,15,0.8878852184023752,morning,preds,NA,NA,NA,NA,NA,NA
7443.001288938813,2023-05-04T04:30:00Z,2023-05-04T04:30:00Z,2023-05-04,2023,5,5,4,4,5,124,2,4 30,NA,NA,NA,NA,8,0.6000000000000005,NA,NA,NA,0,8403.079,6862.621,7739.003,8892.218,15,0.8878852184023752,morning,preds,NA,NA,NA,NA,NA,NA
7574.369276443509,2023-05-04T04:45:00Z,2023-05-04T04:45:00Z,2023-05-04,2023,5,5,4,4,5,124,2,4 45,NA,NA,NA,NA,8,0.6000000000000005,NA,NA,NA,0,8403.079,6862.621,7773.954368421053,8892.218,15,0.8878852184023752,morning,preds,NA,NA,NA,NA,NA,NA
7854.190819011849,2023-05-04T05:00:00Z,2023-05-04T05:00:00Z,2023-05-04,2023,5,5,4,5,5,124,2,5 0,8.2,3,7.6,3,7.8999999999999995,0.5999999999999996,3,3,NA,0,8403.079,6862.621,7805.4106,8892.218,15,0.9790840876823228,early morning,preds,NA,NA,NA,NA,NA,NA
8056.365899728013,2023-05-04T05:15:00Z,2023-05-04T05:15:00Z,2023-05-04,2023,5,5,4,5,5,124,2,5 15,NA,NA,NA,NA,7.8999999999999995,0.5999999999999996,NA,NA,NA,0,8403.079,6862.621,7832.958,8507.075,15,0.9790840876823228,early morning,preds,NA,NA,NA,NA,NA,NA
8194.36992510362,2023-05-04T05:30:00Z,2023-05-04T05:30:00Z,2023-05-04,2023,5,5,4,5,5,124,2,5 30,NA,NA,NA,NA,7.8999999999999995,0.5999999999999996,NA,NA,NA,0,8403.079,6862.621,7858.001090909091,8507.075,15,0.9790840876823228,early morning,preds,NA,NA,NA,NA,NA,NA
8119.442924580336,2023-05-04T05:45:00Z,2023-05-04T05:45:00Z,2023-05-04,2023,5,5,4,5,5,124,2,5 45,NA,NA,NA,NA,7.8999999999999995,0.5999999999999996,NA,NA,NA,0,8403.079,6862.621,7880.866521739131,8507.075,15,0.9790840876823228,early morning,preds,NA,NA,NA,NA,NA,NA
8197.131679522361,2023-05-04T06:00:00Z,2023-05-04T06:00:00Z,2023-05-04,2023,5,5,4,6,5,124,2,6 0,9.1,3,8.5,3,8.8,0.5999999999999996,3,3,NA,0,8403.079,6862.621,7901.8265,8507.075,15,0.9976687691905392,early morning,preds,NA,NA,NA,NA,NA,NA
7973.693135613027,2023-05-04T06:15:00Z,2023-05-04T06:15:00Z,2023-05-04,2023,5,5,4,6,5,124,2,6 15,NA,NA,NA,NA,8.8,0.5999999999999996,NA,NA,NA,0,8403.079,6862.621,7871.9826,9315.74,15,0.9976687691905392,early morning,preds,NA,NA,NA,NA,NA,NA
8092.581391315225,2023-05-04T06:30:00Z,2023-05-04T06:30:00Z,2023-05-04,2023,5,5,4,6,5,124,2,6 30,NA,NA,NA,NA,8.8,0.5999999999999996,NA,NA,NA,0,8403.079,6862.621,7844.434384615385,9315.74,15,0.9976687691905392,early morning,preds,NA,NA,NA,NA,NA,NA
7981.040183967203,2023-05-04T06:45:00Z,2023-05-04T06:45:00Z,2023-05-04,2023,5,5,4,6,5,124,2,6 45,NA,NA,NA,NA,8.8,0.5999999999999996,NA,NA,NA,0,8403.079,6862.621,7818.926777777778,9315.74,15,0.9976687691905392,early morning,preds,NA,NA,NA,NA,NA,NA
7778.317754913602,2023-05-04T07:00:00Z,2023-05-04T07:00:00Z,2023-05-04,2023,5,5,4,7,5,124,2,7 0,11.1,3,10.4,3,10.75,0.6999999999999993,3,3,NA,0,8403.079,6862.621,7795.241142857143,9315.74,15,0.9422609221188205,early morning,preds,NA,NA,NA,NA,NA,NA
7567.253813664184,2023-05-04T07:15:00Z,2023-05-04T07:15:00Z,2023-05-04,2023,5,5,4,7,5,124,2,7 15,NA,NA,NA,NA,10.75,0.6999999999999993,NA,NA,NA,0,8403.079,6335.494,7744.905034482758,9048.566,15,0.9422609221188205,early morning,preds,NA,NA,NA,NA,NA,NA
7462.460104314229,2023-05-04T07:30:00Z,2023-05-04T07:30:00Z,2023-05-04,2023,5,5,4,7,5,124,2,7 30,NA,NA,NA,NA,10.75,0.6999999999999993,NA,NA,NA,0,8403.079,6335.494,7697.924666666667,9048.566,15,0.9422609221188205,early morning,preds,NA,NA,NA,NA,NA,NA
7201.774748384313,2023-05-04T07:45:00Z,2023-05-04T07:45:00Z,2023-05-04,2023,5,5,4,7,5,124,2,7 45,NA,NA,NA,NA,10.75,0.6999999999999993,NA,NA,NA,0,8403.079,6335.494,7653.975290322581,9048.566,15,0.9422609221188205,early morning,preds,NA,NA,NA,NA,NA,NA
6977.075670264153,2023-05-04T08:00:00Z,2023-05-04T08:00:00Z,2023-05-04,2023,5,5,4,8,5,124,2,8 0,13.6,3,12.9,3,13.25,0.6999999999999993,3,3,NA,0,8403.079,6335.494,7612.77275,9048.566,15,0.8169698930104421,early morning,preds,NA,NA,NA,NA,NA,NA
7058.155775951348,2023-05-04T08:15:00Z,2023-05-04T08:15:00Z,2023-05-04,2023,5,5,4,8,5,124,2,8 15,NA,NA,NA,NA,13.25,0.6999999999999993,NA,NA,NA,0,8403.079,6335.494,7615.601484848485,8282.781,15,0.8169698930104421,early morning,preds,NA,NA,NA,NA,NA,NA
6950.847448790344,2023-05-04T08:30:00Z,2023-05-04T08:30:00Z,2023-05-04,2023,5,5,4,8,5,124,2,8 30,NA,NA,NA,NA,13.25,0.6999999999999993,NA,NA,NA,0,8403.079,6335.494,7618.263823529412,8282.781,15,0.8169698930104421,early morning,preds,NA,NA,NA,NA,NA,NA
6897.324887550831,2023-05-04T08:45:00Z,2023-05-04T08:45:00Z,2023-05-04,2023,5,5,4,8,5,124,2,8 45,NA,NA,NA,NA,13.25,0.6999999999999993,NA,NA,NA,0,8403.079,6335.494,7620.774028571429,8282.781,15,0.8169698930104421,early morning,preds,NA,NA,NA,NA,NA,NA
6237.167364375137,2023-05-04T09:00:00Z,2023-05-04T09:00:00Z,2023-05-04,2023,5,5,4,9,5,124,2,9 0,16.4,2,15.6,2,16,0.7999999999999989,2,2,NA,0,8403.079,6335.494,7623.144777777778,8282.781,16,0.6310879443260526,early morning,preds,NA,NA,NA,NA,NA,NA
6237.13950821828,2023-05-04T09:15:00Z,2023-05-04T09:15:00Z,2023-05-04,2023,5,5,4,9,5,124,2,9 15,NA,NA,NA,NA,16,0.7999999999999989,NA,NA,NA,0,8403.079,6335.494,7635.557081081081,8271.728,16,0.6310879443260526,early morning,preds,NA,NA,NA,NA,NA,NA
6189.089955749094,2023-05-04T09:30:00Z,2023-05-04T09:30:00Z,2023-05-04,2023,5,5,4,9,5,124,2,9 30,NA,NA,NA,NA,16,0.7999999999999989,NA,NA,NA,0,8403.079,6335.494,7647.316105263158,8271.728,16,0.6310879443260526,early morning,preds,NA,NA,NA,NA,NA,NA
6178.105081399197,2023-05-04T09:45:00Z,2023-05-04T09:45:00Z,2023-05-04,2023,5,5,4,9,5,124,2,9 45,NA,NA,NA,NA,16,0.7999999999999989,NA,NA,NA,0,8403.079,6335.494,7658.472102564103,8271.728,16,0.6310879443260526,early morning,preds,NA,NA,NA,NA,NA,NA
6144.026721176859,2023-05-04T10:00:00Z,2023-05-04T10:00:00Z,2023-05-04,2023,5,5,4,10,5,124,2,10 0,18.7,1,17.7,3,18.2,1,3,1,NA,0,8403.079,6335.494,7669.0703,8271.728,18.2,0.3984010898462418,early morning,preds,NA,NA,NA,NA,NA,NA
6009.491743929879,2023-05-04T10:15:00Z,2023-05-04T10:15:00Z,2023-05-04,2023,5,5,4,10,5,124,2,10 15,NA,NA,NA,NA,18.2,1,NA,NA,NA,0,8403.079,6335.494,7676.864780487805,8918.017,18.2,0.3984010898462418,early morning,preds,NA,NA,NA,NA,NA,NA
5908.659366089975,2023-05-04T10:30:00Z,2023-05-04T10:30:00Z,2023-05-04,2023,5,5,4,10,5,124,2,10 30,NA,NA,NA,NA,18.2,1,NA,NA,NA,0,8403.079,6335.494,7684.288095238096,8918.017,18.2,0.3984010898462418,early morning,preds,NA,NA,NA,NA,NA,NA
5940.251118214988,2023-05-04T10:45:00Z,2023-05-04T10:45:00Z,2023-05-04,2023,5,5,4,10,5,124,2,10 45,NA,NA,NA,NA,18.2,1,NA,NA,NA,0,8403.079,6335.494,7691.366139534884,8918.017,18.2,0.3984010898462418,early morning,preds,NA,NA,NA,NA,NA,NA
5898.000114441841,2023-05-04T11:00:00Z,2023-05-04T11:00:00Z,2023-05-04,2023,5,5,4,11,5,124,2,11 0,20.5,3,19.6,3,20.05,0.8999999999999986,3,3,NA,0,8403.079,6335.494,7698.122454545454,8918.017,20.05,0.13616664909624665,early morning,preds,NA,NA,NA,NA,NA,NA
6017.159308528913,2023-05-04T11:15:00Z,2023-05-04T11:15:00Z,2023-05-04,2023,5,5,4,11,5,124,2,11 15,NA,NA,NA,NA,20.05,0.8999999999999986,NA,NA,NA,0,8403.079,6335.494,7707.088044444445,9584.92,20.05,0.13616664909624665,early morning,preds,NA,NA,NA,NA,NA,NA
5927.2938676871445,2023-05-04T11:30:00Z,2023-05-04T11:30:00Z,2023-05-04,2023,5,5,4,11,5,124,2,11 30,NA,NA,NA,NA,20.05,0.8999999999999986,NA,NA,NA,0,8403.079,6335.494,7715.663826086957,9584.92,20.05,0.13616664909624665,early morning,preds,NA,NA,NA,NA,NA,NA
6005.682880176846,2023-05-04T11:45:00Z,2023-05-04T11:45:00Z,2023-05-04,2023,5,5,4,11,5,124,2,11 45,NA,NA,NA,NA,20.05,0.8999999999999986,NA,NA,NA,0,8403.079,6335.494,7723.874680851064,9584.92,20.05,0.13616664909624665,early morning,preds,NA,NA,NA,NA,NA,NA
5878.304156477289,2023-05-04T12:00:00Z,2023-05-04T12:00:00Z,2023-05-04,2023,5,5,4,12,5,124,2,12 0,22,3,20.8,2,21.4,1.1999999999999993,2,3,NA,0,8403.079,6335.494,7731.743416666666,9584.92,21.4,-0.13616664909624643,early morning,preds,NA,NA,NA,NA,NA,NA
6048.6129028288815,2023-05-04T12:15:00Z,2023-05-04T12:15:00Z,2023-05-04,2023,5,5,4,12,5,124,2,12 15,NA,NA,NA,NA,21.4,1.1999999999999993,NA,NA,NA,0,8403.079,6335.494,7714.652734693877,9399.88,21.4,-0.13616664909624643,early morning,preds,NA,NA,NA,NA,NA,NA
6108.1453054507,2023-05-04T12:30:00Z,2023-05-04T12:30:00Z,2023-05-04,2023,5,5,4,12,5,124,2,12 30,NA,NA,NA,NA,21.4,1.1999999999999993,NA,NA,NA,0,8403.079,6335.494,7698.24568,9399.88,21.4,-0.13616664909624643,early morning,preds,NA,NA,NA,NA,NA,NA
6022.475340411691,2023-05-04T12:45:00Z,2023-05-04T12:45:00Z,2023-05-04,2023,5,5,4,12,5,124,2,12 45,NA,NA,NA,NA,21.4,1.1999999999999993,NA,NA,NA,0,8403.079,6335.494,7682.482039215686,9399.88,21.4,-0.13616664909624643,early morning,preds,NA,NA,NA,NA,NA,NA
6149.254625634797,2023-05-04T13:00:00Z,2023-05-04T13:00:00Z,2023-05-04,2023,5,5,4,13,5,124,2,13 0,23.4,2,22.1,1,22.75,1.2999999999999972,1,2,NA,0,8403.079,6335.494,7667.324692307692,9399.88,22.75,-0.3984010898462412,early morning,preds,NA,NA,NA,NA,NA,NA
6407.2060065762225,2023-05-04T13:15:00Z,2023-05-04T13:15:00Z,2023-05-04,2023,5,5,4,13,5,124,2,13 15,NA,NA,NA,NA,22.75,1.2999999999999972,NA,NA,NA,0,8403.079,6133.516,7638.384905660378,9180.085,22.75,-0.3984010898462412,early morning,preds,NA,NA,NA,NA,NA,NA
6233.784369565336,2023-05-04T13:30:00Z,2023-05-04T13:30:00Z,2023-05-04,2023,5,5,4,13,5,124,2,13 30,NA,NA,NA,NA,22.75,1.2999999999999972,NA,NA,NA,0,8403.079,6133.516,7610.516962962963,9180.085,22.75,-0.3984010898462412,early morning,preds,NA,NA,NA,NA,NA,NA
6201.484412693282,2023-05-04T13:45:00Z,2023-05-04T13:45:00Z,2023-05-04,2023,5,5,4,13,5,124,2,13 45,NA,NA,NA,NA,22.75,1.2999999999999972,NA,NA,NA,0,8403.079,6133.516,7583.6624,9180.085,22.75,-0.3984010898462412,early morning,preds,NA,NA,NA,NA,NA,NA
6498.297132003286,2023-05-04T14:00:00Z,2023-05-04T14:00:00Z,2023-05-04,2023,5,5,4,14,5,124,2,14 0,24.4,2,23.1,2,23.75,1.2999999999999972,2,2,NA,0,8403.079,6133.516,7557.766928571428,9180.085,23.75,-0.6310879443260529,early morning,preds,NA,NA,NA,NA,NA,NA
6554.956188108437,2023-05-04T14:15:00Z,2023-05-04T14:15:00Z,2023-05-04,2023,5,5,4,14,5,124,2,14 15,NA,NA,NA,NA,23.75,1.2999999999999972,NA,NA,NA,0,8403.079,6133.516,7538.779263157895,9280.328,23.75,-0.6310879443260529,early morning,preds,NA,NA,NA,NA,NA,NA
6735.38604380027,2023-05-04T14:30:00Z,2023-05-04T14:30:00Z,2023-05-04,2023,5,5,4,14,5,124,2,14 30,NA,NA,NA,NA,23.75,1.2999999999999972,NA,NA,NA,0,8403.079,6133.516,7520.4463448275865,9280.328,23.75,-0.6310879443260529,early morning,preds,NA,NA,NA,NA,NA,NA
6835.386345624088,2023-05-04T14:45:00Z,2023-05-04T14:45:00Z,2023-05-04,2023,5,5,4,14,5,124,2,14 45,NA,NA,NA,NA,23.75,1.2999999999999972,NA,NA,NA,0,8403.079,6133.516,7502.734881355932,9280.328,23.75,-0.6310879443260529,early morning,preds,NA,NA,NA,NA,NA,NA
6991.591998860228,2023-05-04T15:00:00Z,2023-05-04T15:00:00Z,2023-05-04,2023,5,5,4,15,5,124,2,15 0,25.1,1,23.6,3,24.35,1.5,3,1,NA,0,8403.079,6133.516,7485.6138,9280.328,24.35,-0.8169698930104419,early morning,preds,NA,NA,NA,NA,NA,NA
7115.622255842729,2023-05-04T15:15:00Z,2023-05-04T15:15:00Z,2023-05-04,2023,5,5,4,15,5,124,2,15 15,NA,NA,NA,NA,24.35,1.5,NA,NA,NA,0,8403.079,6133.516,7474.182459016393,8529.904,24.35,-0.8169698930104419,early morning,preds,NA,NA,NA,NA,NA,NA
7231.392445810011,2023-05-04T15:30:00Z,2023-05-04T15:30:00Z,2023-05-04,2023,5,5,4,15,5,124,2,15 30,NA,NA,NA,NA,24.35,1.5,NA,NA,NA,0,8403.079,6133.516,7463.119870967742,8529.904,24.35,-0.8169698930104419,early morning,preds,NA,NA,NA,NA,NA,NA
7517.195079459274,2023-05-04T15:45:00Z,2023-05-04T15:45:00Z,2023-05-04,2023,5,5,4,15,5,124,2,15 45,NA,NA,NA,NA,24.35,1.5,NA,NA,NA,0,8403.079,6133.516,7452.408476190476,8529.904,24.35,-0.8169698930104419,early morning,preds,NA,NA,NA,NA,NA,NA
7733.584468586006,2023-05-04T16:00:00Z,2023-05-04T16:00:00Z,2023-05-04,2023,5,5,4,16,5,124,2,16 0,25.1,2,23.2,3,24.15,1.9000000000000021,3,2,NA,0,8403.079,6133.516,7442.0318125,8529.904,24.15,-0.9422609221188204,early morning,preds,NA,NA,NA,NA,NA,NA
7840.900900594128,2023-05-04T16:15:00Z,2023-05-04T16:15:00Z,2023-05-04,2023,5,5,4,16,5,124,2,16 15,NA,NA,NA,NA,24.15,1.9000000000000021,NA,NA,NA,0,8403.079,6133.516,7425.033830769231,6638.518,24.15,-0.9422609221188204,early morning,preds,NA,NA,NA,NA,NA,NA
8086.97110893636,2023-05-04T16:30:00Z,2023-05-04T16:30:00Z,2023-05-04,2023,5,5,4,16,5,124,2,16 30,NA,NA,NA,NA,24.15,1.9000000000000021,NA,NA,NA,0,8403.079,6133.516,7408.550939393939,6638.518,24.15,-0.9422609221188204,early morning,preds,NA,NA,NA,NA,NA,NA
8025.14434413518,2023-05-04T16:45:00Z,2023-05-04T16:45:00Z,2023-05-04,2023,5,5,4,16,5,124,2,16 45,NA,NA,NA,NA,24.15,1.9000000000000021,NA,NA,NA,0,8403.079,6133.516,7392.560074626866,6638.518,24.15,-0.9422609221188204,early morning,preds,NA,NA,NA,NA,NA,NA
8023.034785753195,2023-05-04T17:00:00Z,2023-05-04T17:00:00Z,2023-05-04,2023,5,5,4,17,5,124,2,17 0,24.2,3,22.6,3,23.4,1.5999999999999979,3,3,NA,0,8403.079,6133.516,7377.039529411764,6638.518,23.4,-0.9976687691905392,early morning,preds,NA,NA,NA,NA,NA,NA
8245.352621511689,2023-05-04T17:15:00Z,2023-05-04T17:15:00Z,2023-05-04,2023,5,5,4,17,5,124,2,17 15,NA,NA,NA,NA,23.4,1.5999999999999979,NA,NA,NA,0,8403.079,6133.516,7370.435710144928,8513.975,23.4,-0.9976687691905392,early morning,preds,NA,NA,NA,NA,NA,NA
8193.263402864453,2023-05-04T17:30:00Z,2023-05-04T17:30:00Z,2023-05-04,2023,5,5,4,17,5,124,2,17 30,NA,NA,NA,NA,23.4,1.5999999999999979,NA,NA,NA,0,8403.079,6133.516,7364.020571428571,8513.975,23.4,-0.9976687691905392,early morning,preds,NA,NA,NA,NA,NA,NA
8263.362196438911,2023-05-04T17:45:00Z,2023-05-04T17:45:00Z,2023-05-04,2023,5,5,4,17,5,124,2,17 45,NA,NA,NA,NA,23.4,1.5999999999999979,NA,NA,NA,0,8403.079,6133.516,7357.786140845071,8513.975,23.4,-0.9976687691905392,early morning,preds,NA,NA,NA,NA,NA,NA
8238.524011386924,2023-05-04T18:00:00Z,2023-05-04T18:00:00Z,2023-05-04,2023,5,5,4,18,5,124,2,18 0,22.3,3,21.2,3,21.75,1.1000000000000014,3,3,NA,0,8403.079,6133.516,7351.724888888889,8513.975,21.75,-0.9790840876823228,early morning,preds,NA,NA,NA,NA,NA,NA
8169.633305093755,2023-05-04T18:15:00Z,2023-05-04T18:15:00Z,2023-05-04,2023,5,5,4,18,5,124,2,18 15,NA,NA,NA,NA,21.75,1.1000000000000014,NA,NA,NA,0,8403.079,6133.516,7347.786109589041,7432.302,21.75,-0.9790840876823228,early morning,preds,NA,NA,NA,NA,NA,NA
8214.954922665116,2023-05-04T18:30:00Z,2023-05-04T18:30:00Z,2023-05-04,2023,5,5,4,18,5,124,2,18 30,NA,NA,NA,NA,21.75,1.1000000000000014,NA,NA,NA,0,8403.079,6133.516,7343.953783783783,7432.302,21.75,-0.9790840876823228,early morning,preds,NA,NA,NA,NA,NA,NA
8129.25476334058,2023-05-04T18:45:00Z,2023-05-04T18:45:00Z,2023-05-04,2023,5,5,4,18,5,124,2,18 45,NA,NA,NA,NA,21.75,1.1000000000000014,NA,NA,NA,0,8403.079,6133.516,7340.2236533333335,7432.302,21.75,-0.9790840876823228,early morning,preds,NA,NA,NA,NA,NA,NA
8193.467154794625,2023-05-04T19:00:00Z,2023-05-04T19:00:00Z,2023-05-04,2023,5,5,4,19,5,124,2,19 0,18.2,95,18.6,95,18.4,-0.40000000000000213,95,95,NA,0,8403.079,6133.516,7336.591684210526,7432.302,18.4,-0.8878852184023751,early morning,preds,NA,NA,NA,NA,NA,NA
8231.591798552772,2023-05-04T19:15:00Z,2023-05-04T19:15:00Z,2023-05-04,2023,5,5,4,19,5,124,2,19 15,NA,NA,NA,NA,18.4,-0.40000000000000213,NA,NA,NA,0,8403.079,6133.516,7334.27251948052,8231.25,18.4,-0.8878852184023751,early morning,preds,NA,NA,NA,NA,NA,NA
7943.450235115426,2023-05-04T19:30:00Z,2023-05-04T19:30:00Z,2023-05-04,2023,5,5,4,19,5,124,2,19 30,NA,NA,NA,NA,18.4,-0.40000000000000213,NA,NA,NA,0,8403.079,6133.516,7332.01282051282,8231.25,18.4,-0.8878852184023751,early morning,preds,NA,NA,NA,NA,NA,NA
7622.980031710581,2023-05-04T19:45:00Z,2023-05-04T19:45:00Z,2023-05-04,2023,5,5,4,19,5,124,2,19 45,NA,NA,NA,NA,18.4,-0.40000000000000213,NA,NA,NA,0,8403.079,6133.516,7329.810329113924,8231.25,18.4,-0.8878852184023751,early morning,preds,NA,NA,NA,NA,NA,NA
7483.66768647496,2023-05-04T20:00:00Z,2023-05-04T20:00:00Z,2023-05-04,2023,5,5,4,20,5,124,2,20 0,17.3,95,17.7,80,17.5,-0.3999999999999986,80,95,NA,0,8403.079,6133.516,7327.6629,8231.25,17.5,-0.7308359642781246,early morning,preds,NA,NA,NA,NA,NA,NA
7537.315702288917,2023-05-04T20:15:00Z,2023-05-04T20:15:00Z,2023-05-04,2023,5,5,4,20,5,124,2,20 15,NA,NA,NA,NA,17.5,-0.3999999999999986,NA,NA,NA,0,8403.079,6133.516,7318.474308641975,8016.157,17.5,-0.7308359642781246,early morning,preds,NA,NA,NA,NA,NA,NA
7418.838777302075,2023-05-04T20:30:00Z,2023-05-04T20:30:00Z,2023-05-04,2023,5,5,4,20,5,124,2,20 30,NA,NA,NA,NA,17.5,-0.3999999999999986,NA,NA,NA,0,8403.079,6133.516,7309.509829268292,8016.157,17.5,-0.7308359642781246,early morning,preds,NA,NA,NA,NA,NA,NA
7184.251930427158,2023-05-04T20:45:00Z,2023-05-04T20:45:00Z,2023-05-04,2023,5,5,4,20,5,124,2,20 45,NA,NA,NA,NA,17.5,-0.3999999999999986,NA,NA,NA,0,8403.079,6133.516,7300.761361445783,8016.157,17.5,-0.7308359642781246,early morning,preds,NA,NA,NA,NA,NA,NA
7274.156273167438,2023-05-04T21:00:00Z,2023-05-04T21:00:00Z,2023-05-04,2023,5,5,4,21,5,124,2,21 0,17,80,16.8,3,16.9,0.1999999999999993,3,80,NA,0,8403.079,6133.516,7292.221190476191,8016.157,16.9,-0.5195839500354343,early morning,preds,NA,NA,NA,NA,NA,NA
7198.191505139998,2023-05-04T21:15:00Z,2023-05-04T21:15:00Z,2023-05-04,2023,5,5,4,21,5,124,2,21 15,NA,NA,NA,NA,16.9,0.1999999999999993,NA,NA,NA,0,8403.079,6133.516,7285.308247058823,7922.052,16.9,-0.5195839500354343,early morning,preds,NA,NA,NA,NA,NA,NA
7201.524992203197,2023-05-04T21:30:00Z,2023-05-04T21:30:00Z,2023-05-04,2023,5,5,4,21,5,124,2,21 30,NA,NA,NA,NA,16.9,0.1999999999999993,NA,NA,NA,0,8403.079,6133.516,7278.556069767442,7922.052,16.9,-0.5195839500354343,early morning,preds,NA,NA,NA,NA,NA,NA
6867.919529598101,2023-05-04T21:45:00Z,2023-05-04T21:45:00Z,2023-05-04,2023,5,5,4,21,5,124,2,21 45,NA,NA,NA,NA,16.9,0.1999999999999993,NA,NA,NA,0,8403.079,6133.516,7271.959114942529,7922.052,16.9,-0.5195839500354343,early morning,preds,NA,NA,NA,NA,NA,NA
6890.15557483559,2023-05-04T22:00:00Z,2023-05-04T22:00:00Z,2023-05-04,2023,5,5,4,22,5,124,2,22 0,16.6,3,14.4,80,15.5,2.200000000000001,80,3,NA,0,8403.079,6133.516,7265.512090909091,7922.052,15.5,-0.2697967711570244,early morning,preds,NA,NA,NA,NA,NA,NA
6630.029205287794,2023-05-04T22:15:00Z,2023-05-04T22:15:00Z,2023-05-04,2023,5,5,4,22,5,124,2,22 15,NA,NA,NA,NA,15.5,2.200000000000001,NA,NA,NA,0,8403.079,6133.516,7265.6117865168535,5792.105,15.5,-0.2697967711570244,early morning,preds,NA,NA,NA,NA,NA,NA
6444.5205530050835,2023-05-04T22:30:00Z,2023-05-04T22:30:00Z,2023-05-04,2023,5,5,4,22,5,124,2,22 30,NA,NA,NA,NA,15.5,2.200000000000001,NA,NA,NA,0,8403.079,6133.516,7265.709266666667,5792.105,15.5,-0.2697967711570244,early morning,preds,NA,NA,NA,NA,NA,NA
6221.874655776376,2023-05-04T22:45:00Z,2023-05-04T22:45:00Z,2023-05-04,2023,5,5,4,22,5,124,2,22 45,NA,NA,NA,NA,15.5,2.200000000000001,NA,NA,NA,0,8403.079,6133.516,7265.804604395605,5792.105,15.5,-0.2697967711570244,early morning,preds,NA,NA,NA,NA,NA,NA
6114.950607806164,2023-05-04T23:00:00Z,2023-05-04T23:00:00Z,2023-05-04,2023,5,5,4,23,5,124,2,23 0,16.1,2,13.9,2,15,2.200000000000001,2,2,NA,0,8403.079,6133.516,7265.897869565218,5792.105,15,-2.4492935982947064e-16,early morning,preds,NA,NA,NA,NA,NA,NA
6052.9255076091,2023-05-04T23:15:00Z,2023-05-04T23:15:00Z,2023-05-04,2023,5,5,4,23,5,124,2,23 15,NA,NA,NA,NA,15,2.200000000000001,NA,NA,NA,0,8403.079,6133.516,7265.022193548387,6081.502,15,-2.4492935982947064e-16,early morning,preds,NA,NA,NA,NA,NA,NA
5984.315140742488,2023-05-04T23:30:00Z,2023-05-04T23:30:00Z,2023-05-04,2023,5,5,4,23,5,124,2,23 30,NA,NA,NA,NA,15,2.200000000000001,NA,NA,NA,0,8403.079,6133.516,7264.16514893617,6081.502,15,-2.4492935982947064e-16,early morning,preds,NA,NA,NA,NA,NA,NA
5821.347058949758,2023-05-04T23:45:00Z,2023-05-04T23:45:00Z,2023-05-04,2023,5,5,4,23,5,124,2,23 45,NA,NA,NA,NA,15,2.200000000000001,NA,NA,NA,0,8403.079,6133.516,7263.326147368421,6081.502,15,-2.4492935982947064e-16,early morning,preds,NA,NA,NA,NA,NA,NA
5956.232793784993,2023-05-05T00:15:00Z,2023-05-05T00:15:00Z,2023-05-05,2023,5,6,5,0,6,125,2,0 15,NA,NA,NA,NA,15,2.200000000000001,NA,NA,NA,0,8403.079,6133.516,7262.504625,6081.502,15,0,morning,preds,NA,NA,NA,NA,NA,NA
5969.121514442004,2023-05-05T00:30:00Z,2023-05-05T00:30:00Z,2023-05-05,2023,5,6,5,0,6,125,2,0 30,NA,NA,NA,NA,15,2.200000000000001,NA,NA,NA,0,8403.079,5872.713,7248.1768762886595,6906.256,15,0,morning,preds,NA,NA,NA,NA,NA,NA
5853.876975748981,2023-05-05T00:45:00Z,2023-05-05T00:45:00Z,2023-05-05,2023,5,6,5,0,6,125,2,0 45,NA,NA,NA,NA,15,2.200000000000001,NA,NA,NA,0,8403.079,5872.713,7234.141530612245,6906.256,15,0,morning,preds,NA,NA,NA,NA,NA,NA
6096.2534526212985,2023-05-05T01:00:00Z,2023-05-05T01:00:00Z,2023-05-05,2023,5,6,5,1,6,125,2,1 0,14.1,1,12.4,1,13.25,1.6999999999999993,1,1,NA,0,8403.079,5872.713,7220.389727272727,6906.256,15,0.2697967711570243,morning,preds,NA,NA,NA,NA,NA,NA
6230.074084532678,2023-05-05T01:15:00Z,2023-05-05T01:15:00Z,2023-05-05,2023,5,6,5,1,6,125,2,1 15,NA,NA,NA,NA,13.25,1.6999999999999993,NA,NA,NA,0,8403.079,5872.713,7206.91296,6906.256,15,0.2697967711570243,morning,preds,NA,NA,NA,NA,NA,NA
5876.3148289084165,2023-05-05T01:30:00Z,2023-05-05T01:30:00Z,2023-05-05,2023,5,6,5,1,6,125,2,1 30,NA,NA,NA,NA,13.25,1.6999999999999993,NA,NA,NA,0,8403.079,5872.713,7194.810326732673,6228.317,15,0.2697967711570243,morning,preds,NA,NA,NA,NA,NA,NA
5960.4964110506135,2023-05-05T01:45:00Z,2023-05-05T01:45:00Z,2023-05-05,2023,5,6,5,1,6,125,2,1 45,NA,NA,NA,NA,13.25,1.6999999999999993,NA,NA,NA,0,8403.079,5872.713,7182.945,6228.317,15,0.2697967711570243,morning,preds,NA,NA,NA,NA,NA,NA
5971.612297724509,2023-05-05T02:00:00Z,2023-05-05T02:00:00Z,2023-05-05,2023,5,6,5,2,6,125,2,2 0,13.3,1,11.9,1,12.600000000000001,1.4000000000000004,1,1,NA,0,8403.079,5872.713,7171.310067961165,6228.317,15,0.5195839500354336,morning,preds,NA,NA,NA,NA,NA,NA
6068.228660617093,2023-05-05T02:15:00Z,2023-05-05T02:15:00Z,2023-05-05,2023,5,6,5,2,6,125,2,2 15,NA,NA,NA,NA,12.600000000000001,1.4000000000000004,NA,NA,NA,0,8403.079,5872.713,7159.898884615384,6228.317,15,0.5195839500354336,morning,preds,NA,NA,NA,NA,NA,NA
6134.785254048201,2023-05-05T02:30:00Z,2023-05-05T02:30:00Z,2023-05-05,2023,5,6,5,2,6,125,2,2 30,NA,NA,NA,NA,12.600000000000001,1.4000000000000004,NA,NA,NA,0,8403.079,5872.713,7155.537714285714,6526.131,15,0.5195839500354336,morning,preds,NA,NA,NA,NA,NA,NA
6142.444331230929,2023-05-05T02:45:00Z,2023-05-05T02:45:00Z,2023-05-05,2023,5,6,5,2,6,125,2,2 45,NA,NA,NA,NA,12.600000000000001,1.4000000000000004,NA,NA,NA,0,8403.079,5872.713,7151.258830188679,6526.131,15,0.5195839500354336,morning,preds,NA,NA,NA,NA,NA,NA
6051.945613602804,2023-05-05T03:00:00Z,2023-05-05T03:00:00Z,2023-05-05,2023,5,6,5,3,6,125,2,3 0,12.6,3,11.5,1,12.05,1.0999999999999996,1,3,NA,0,8403.079,5872.713,7147.059925233645,6526.131,15,0.730835964278124,morning,preds,NA,NA,NA,NA,NA,NA
6159.668818338757,2023-05-05T03:15:00Z,2023-05-05T03:15:00Z,2023-05-05,2023,5,6,5,3,6,125,2,3 15,NA,NA,NA,NA,12.05,1.0999999999999996,NA,NA,NA,0,8403.079,5872.713,7142.938777777777,6526.131,15,0.730835964278124,morning,preds,NA,NA,NA,NA,NA,NA
6212.1345416457025,2023-05-05T03:30:00Z,2023-05-05T03:30:00Z,2023-05-05,2023,5,6,5,3,6,125,2,3 30,NA,NA,NA,NA,12.05,1.0999999999999996,NA,NA,NA,0,8403.079,5872.713,7139.512266055046,6532.88,15,0.730835964278124,morning,preds,NA,NA,NA,NA,NA,NA
6295.005416352284,2023-05-05T03:45:00Z,2023-05-05T03:45:00Z,2023-05-05,2023,5,6,5,3,6,125,2,3 45,NA,NA,NA,NA,12.05,1.0999999999999996,NA,NA,NA,0,8403.079,5872.713,7136.148054545454,6532.88,15,0.730835964278124,morning,preds,NA,NA,NA,NA,NA,NA
6454.613554031358,2023-05-05T04:00:00Z,2023-05-05T04:00:00Z,2023-05-05,2023,5,6,5,4,6,125,2,4 0,12.1,3,11.4,2,11.75,0.6999999999999993,2,3,NA,0,8403.079,5872.713,7132.844459459459,6532.88,15,0.8878852184023752,morning,preds,NA,NA,NA,NA,NA,NA
6546.891026454094,2023-05-05T04:15:00Z,2023-05-05T04:15:00Z,2023-05-05,2023,5,6,5,4,6,125,2,4 15,NA,NA,NA,NA,11.75,0.6999999999999993,NA,NA,NA,0,8403.079,5872.713,7129.599857142857,6532.88,15,0.8878852184023752,morning,preds,NA,NA,NA,NA,NA,NA
6816.044194794258,2023-05-05T04:30:00Z,2023-05-05T04:30:00Z,2023-05-05,2023,5,6,5,4,6,125,2,4 30,NA,NA,NA,NA,11.75,0.6999999999999993,NA,NA,NA,0,8403.079,5872.713,7127.497654867257,6473.857,15,0.8878852184023752,morning,preds,NA,NA,NA,NA,NA,NA
6968.742850870608,2023-05-05T04:45:00Z,2023-05-05T04:45:00Z,2023-05-05,2023,5,6,5,4,6,125,2,4 45,NA,NA,NA,NA,11.75,0.6999999999999993,NA,NA,NA,0,8403.079,5872.713,7125.432333333333,6473.857,15,0.8878852184023752,morning,preds,NA,NA,NA,NA,NA,NA
7248.427522521486,2023-05-05T05:00:00Z,2023-05-05T05:00:00Z,2023-05-05,2023,5,6,5,5,6,125,2,5 0,11.9,3,11.6,2,11.75,0.3000000000000007,2,3,NA,0,8403.079,5872.713,7123.402930434782,6473.857,15,0.9790840876823228,early morning,preds,NA,NA,NA,NA,NA,NA
7189.467861176044,2023-05-05T05:15:00Z,2023-05-05T05:15:00Z,2023-05-05,2023,5,6,5,5,6,125,2,5 15,NA,NA,NA,NA,11.75,0.3000000000000007,NA,NA,NA,0,8403.079,5872.713,7121.408517241379,6473.857,15,0.9790840876823228,early morning,preds,NA,NA,NA,NA,NA,NA
7463.156235087229,2023-05-05T05:30:00Z,2023-05-05T05:30:00Z,2023-05-05,2023,5,6,5,5,6,125,2,5 30,NA,NA,NA,NA,11.75,0.3000000000000007,NA,NA,NA,0,8403.079,5872.713,7123.385931623931,7386.77,15,0.9790840876823228,early morning,preds,NA,NA,NA,NA,NA,NA
7390.641740769624,2023-05-05T05:45:00Z,2023-05-05T05:45:00Z,2023-05-05,2023,5,6,5,5,6,125,2,5 45,NA,NA,NA,NA,11.75,0.3000000000000007,NA,NA,NA,0,8403.079,5872.713,7125.3298305084745,7386.77,15,0.9790840876823228,early morning,preds,NA,NA,NA,NA,NA,NA
7467.139449415337,2023-05-05T06:00:00Z,2023-05-05T06:00:00Z,2023-05-05,2023,5,6,5,6,6,125,2,6 0,12.7,3,12.3,2,12.5,0.3999999999999986,2,3,NA,0,8403.079,5872.713,7127.24105882353,7386.77,15,0.9976687691905392,early morning,preds,NA,NA,NA,NA,NA,NA
7541.108235710215,2023-05-05T06:15:00Z,2023-05-05T06:15:00Z,2023-05-05,2023,5,6,5,6,6,125,2,6 15,NA,NA,NA,NA,12.5,0.3999999999999986,NA,NA,NA,0,8403.079,5872.713,7129.1204333333335,7386.77,15,0.9976687691905392,early morning,preds,NA,NA,NA,NA,NA,NA
7522.637764084644,2023-05-05T06:30:00Z,2023-05-05T06:30:00Z,2023-05-05,2023,5,6,5,6,6,125,2,6 30,NA,NA,NA,NA,12.5,0.3999999999999986,NA,NA,NA,0,8403.079,5872.713,7126.932545454545,7457.517,15,0.9976687691905392,early morning,preds,NA,NA,NA,NA,NA,NA
7482.727333694669,2023-05-05T06:45:00Z,2023-05-05T06:45:00Z,2023-05-05,2023,5,6,5,6,6,125,2,6 45,NA,NA,NA,NA,12.5,0.3999999999999986,NA,NA,NA,0,8403.079,5872.713,7124.780524590164,7457.517,15,0.9976687691905392,early morning,preds,NA,NA,NA,NA,NA,NA
7494.196634945598,2023-05-05T07:00:00Z,2023-05-05T07:00:00Z,2023-05-05,2023,5,6,5,7,6,125,2,7 0,14.3,3,13.7,2,14,0.6000000000000014,2,3,NA,0,8403.079,5872.713,7122.663495934959,7457.517,15,0.9422609221188205,early morning,preds,NA,NA,NA,NA,NA,NA
7228.35683881475,2023-05-05T07:15:00Z,2023-05-05T07:15:00Z,2023-05-05,2023,5,6,5,7,6,125,2,7 15,NA,NA,NA,NA,14,0.6000000000000014,NA,NA,NA,0,8403.079,5872.713,7120.580612903226,7457.517,15,0.9422609221188205,early morning,preds,NA,NA,NA,NA,NA,NA
7134.829038301412,2023-05-05T07:30:00Z,2023-05-05T07:30:00Z,2023-05-05,2023,5,6,5,7,6,125,2,7 30,NA,NA,NA,NA,14,0.6000000000000014,NA,NA,NA,0,8403.079,5872.713,7121.23724,7714.424,15,0.9422609221188205,early morning,preds,NA,NA,NA,NA,NA,NA
6882.548848069858,2023-05-05T07:45:00Z,2023-05-05T07:45:00Z,2023-05-05,2023,5,6,5,7,6,125,2,7 45,NA,NA,NA,NA,14,0.6000000000000014,NA,NA,NA,0,8403.079,5872.713,7121.883444444445,7714.424,15,0.9422609221188205,early morning,preds,NA,NA,NA,NA,NA,NA
6624.019930545687,2023-05-05T08:00:00Z,2023-05-05T08:00:00Z,2023-05-05,2023,5,6,5,8,6,125,2,8 0,15.8,3,15.2,2,15.5,0.6000000000000014,2,3,NA,0,8403.079,5872.713,7122.519472440945,7714.424,15.5,0.8169698930104421,early morning,preds,NA,NA,NA,NA,NA,NA
6397.311223941174,2023-05-05T08:15:00Z,2023-05-05T08:15:00Z,2023-05-05,2023,5,6,5,8,6,125,2,8 15,NA,NA,NA,NA,15.5,0.6000000000000014,NA,NA,NA,0,8403.079,5872.713,7123.1455625,7714.424,15.5,0.8169698930104421,early morning,preds,NA,NA,NA,NA,NA,NA
6202.292583823051,2023-05-05T08:30:00Z,2023-05-05T08:30:00Z,2023-05-05,2023,5,6,5,8,6,125,2,8 30,NA,NA,NA,NA,15.5,0.6000000000000014,NA,NA,NA,0,8403.079,5872.713,7124.994007751938,7112.784,15.5,0.8169698930104421,early morning,preds,NA,NA,NA,NA,NA,NA
6220.609879912014,2023-05-05T08:45:00Z,2023-05-05T08:45:00Z,2023-05-05,2023,5,6,5,8,6,125,2,8 45,NA,NA,NA,NA,15.5,0.6000000000000014,NA,NA,NA,0,8403.079,5872.713,7126.814015384615,7112.784,15.5,0.8169698930104421,early morning,preds,NA,NA,NA,NA,NA,NA
6148.163483182003,2023-05-05T09:00:00Z,2023-05-05T09:00:00Z,2023-05-05,2023,5,6,5,9,6,125,2,9 0,16.7,3,16.1,2,16.4,0.5999999999999979,2,3,NA,0,8403.079,5872.713,7128.606236641222,7112.784,16.4,0.6310879443260526,early morning,preds,NA,NA,NA,NA,NA,NA
6165.023852232335,2023-05-05T09:15:00Z,2023-05-05T09:15:00Z,2023-05-05,2023,5,6,5,9,6,125,2,9 15,NA,NA,NA,NA,16.4,0.5999999999999979,NA,NA,NA,0,8403.079,5872.713,7130.371303030303,7112.784,16.4,0.6310879443260526,early morning,preds,NA,NA,NA,NA,NA,NA
6235.565977799206,2023-05-05T09:30:00Z,2023-05-05T09:30:00Z,2023-05-05,2023,5,6,5,9,6,125,2,9 30,NA,NA,NA,NA,16.4,0.5999999999999979,NA,NA,NA,0,8403.079,5872.713,7130.126691729323,8405.206,16.4,0.6310879443260526,early morning,preds,NA,NA,NA,NA,NA,NA
6257.820906477972,2023-05-05T09:45:00Z,2023-05-05T09:45:00Z,2023-05-05,2023,5,6,5,9,6,125,2,9 45,NA,NA,NA,NA,16.4,0.5999999999999979,NA,NA,NA,0,8403.079,5872.713,7129.885731343284,8405.206,16.4,0.6310879443260526,early morning,preds,NA,NA,NA,NA,NA,NA
6359.96648953223,2023-05-05T10:00:00Z,2023-05-05T10:00:00Z,2023-05-05,2023,5,6,5,10,6,125,2,10 0,17.2,3,16.9,3,17.049999999999997,0.3000000000000007,3,3,NA,0,8403.079,5872.713,7129.64834074074,8405.206,17.049999999999997,0.3984010898462418,early morning,preds,NA,NA,NA,NA,NA,NA
6178.341397773304,2023-05-05T10:15:00Z,2023-05-05T10:15:00Z,2023-05-05,2023,5,6,5,10,6,125,2,10 15,NA,NA,NA,NA,17.049999999999997,0.3000000000000007,NA,NA,NA,0,8403.079,5872.713,7129.414441176471,8405.206,17.049999999999997,0.3984010898462418,early morning,preds,NA,NA,NA,NA,NA,NA
6103.426850598842,2023-05-05T10:30:00Z,2023-05-05T10:30:00Z,2023-05-05,2023,5,6,5,10,6,125,2,10 30,NA,NA,NA,NA,17.049999999999997,0.3000000000000007,NA,NA,NA,0,8403.079,5872.713,7126.4868686131385,8760.757,17.049999999999997,0.3984010898462418,early morning,preds,NA,NA,NA,NA,NA,NA
6129.939838200429,2023-05-05T10:45:00Z,2023-05-05T10:45:00Z,2023-05-05,2023,5,6,5,10,6,125,2,10 45,NA,NA,NA,NA,17.049999999999997,0.3000000000000007,NA,NA,NA,0,8403.079,5872.713,7123.601724637681,8760.757,17.049999999999997,0.3984010898462418,early morning,preds,NA,NA,NA,NA,NA,NA
6085.642523527261,2023-05-05T11:00:00Z,2023-05-05T11:00:00Z,2023-05-05,2023,5,6,5,11,6,125,2,11 0,18.4,3,16.8,80,17.6,1.5999999999999979,80,3,NA,0,8403.079,5872.713,7120.75809352518,8760.757,17.6,0.13616664909624665,early morning,preds,NA,NA,NA,NA,NA,NA
6174.661118901322,2023-05-05T11:15:00Z,2023-05-05T11:15:00Z,2023-05-05,2023,5,6,5,11,6,125,2,11 15,NA,NA,NA,NA,17.6,1.5999999999999979,NA,NA,NA,0,8403.079,5872.713,7117.955085714286,8760.757,17.6,0.13616664909624665,early morning,preds,NA,NA,NA,NA,NA,NA
6128.125851623585,2023-05-05T11:30:00Z,2023-05-05T11:30:00Z,2023-05-05,2023,5,6,5,11,6,125,2,11 30,NA,NA,NA,NA,17.6,1.5999999999999979,NA,NA,NA,0,8403.079,5872.713,7115.869865248227,8631.447,17.6,0.13616664909624665,early morning,preds,NA,NA,NA,NA,NA,NA
6187.4553985620605,2023-05-05T11:45:00Z,2023-05-05T11:45:00Z,2023-05-05,2023,5,6,5,11,6,125,2,11 45,NA,NA,NA,NA,17.6,1.5999999999999979,NA,NA,NA,0,8403.079,5872.713,7113.814014084507,8631.447,17.6,0.13616664909624665,early morning,preds,NA,NA,NA,NA,NA,NA
5884.810386915095,2023-05-05T12:00:00Z,2023-05-05T12:00:00Z,2023-05-05,2023,5,6,5,12,6,125,2,12 0,19.2,2,17.6,80,18.4,1.5999999999999979,80,2,NA,0,8403.079,5872.713,7111.786916083916,8631.447,18.4,-0.13616664909624643,early morning,preds,NA,NA,NA,NA,NA,NA
6085.264158415471,2023-05-05T12:15:00Z,2023-05-05T12:15:00Z,2023-05-05,2023,5,6,5,12,6,125,2,12 15,NA,NA,NA,NA,18.4,1.5999999999999979,NA,NA,NA,0,8403.079,5872.713,7109.787972222222,8631.447,18.4,-0.13616664909624643,early morning,preds,NA,NA,NA,NA,NA,NA
6191.1835989093015,2023-05-05T12:30:00Z,2023-05-05T12:30:00Z,2023-05-05,2023,5,6,5,12,6,125,2,12 30,NA,NA,NA,NA,18.4,1.5999999999999979,NA,NA,NA,0,8403.079,5872.713,7106.737131034482,7935.771,18.4,-0.13616664909624643,early morning,preds,NA,NA,NA,NA,NA,NA
6174.438023354517,2023-05-05T12:45:00Z,2023-05-05T12:45:00Z,2023-05-05,2023,5,6,5,12,6,125,2,12 45,NA,NA,NA,NA,18.4,1.5999999999999979,NA,NA,NA,0,8403.079,5872.713,7103.728082191781,7935.771,18.4,-0.13616664909624643,early morning,preds,NA,NA,NA,NA,NA,NA
5971.159778307205,2023-05-05T13:00:00Z,2023-05-05T13:00:00Z,2023-05-05,2023,5,6,5,13,6,125,2,13 0,19.6,3,17.3,80,18.450000000000003,2.3000000000000007,80,3,NA,0,8403.079,5872.713,7100.759972789116,7935.771,18.450000000000003,-0.3984010898462412,early morning,preds,NA,NA,NA,NA,NA,NA
6218.455909589148,2023-05-05T13:15:00Z,2023-05-05T13:15:00Z,2023-05-05,2023,5,6,5,13,6,125,2,13 15,NA,NA,NA,NA,18.450000000000003,2.3000000000000007,NA,NA,NA,0,8403.079,5872.713,7097.831972972973,7935.771,18.450000000000003,-0.3984010898462412,early morning,preds,NA,NA,NA,NA,NA,NA
6152.045167005256,2023-05-05T13:30:00Z,2023-05-05T13:30:00Z,2023-05-05,2023,5,6,5,13,6,125,2,13 30,NA,NA,NA,NA,18.450000000000003,2.3000000000000007,NA,NA,NA,0,8403.079,5872.713,7099.046912751678,8159.45,18.450000000000003,-0.3984010898462412,early morning,preds,NA,NA,NA,NA,NA,NA
6089.09470554423,2023-05-05T13:45:00Z,2023-05-05T13:45:00Z,2023-05-05,2023,5,6,5,13,6,125,2,13 45,NA,NA,NA,NA,18.450000000000003,2.3000000000000007,NA,NA,NA,0,8403.079,5872.713,7100.245653333333,8159.45,18.450000000000003,-0.3984010898462412,early morning,preds,NA,NA,NA,NA,NA,NA
6166.40914972485,2023-05-05T14:00:00Z,2023-05-05T14:00:00Z,2023-05-05,2023,5,6,5,14,6,125,2,14 0,20,3,16.9,80,18.45,3.1000000000000014,80,3,NA,0,8403.079,5872.713,7101.4285165562915,8159.45,18.45,-0.6310879443260529,early morning,preds,NA,NA,NA,NA,NA,NA
6199.21564860568,2023-05-05T14:15:00Z,2023-05-05T14:15:00Z,2023-05-05,2023,5,6,5,14,6,125,2,14 15,NA,NA,NA,NA,18.45,3.1000000000000014,NA,NA,NA,0,8403.079,5872.713,7102.595815789474,8159.45,18.45,-0.6310879443260529,early morning,preds,NA,NA,NA,NA,NA,NA
6403.08966245374,2023-05-05T14:30:00Z,2023-05-05T14:30:00Z,2023-05-05,2023,5,6,5,14,6,125,2,14 30,NA,NA,NA,NA,18.45,3.1000000000000014,NA,NA,NA,0,8403.079,5872.713,7100.675745098039,7958.924,18.45,-0.6310879443260529,early morning,preds,NA,NA,NA,NA,NA,NA
6567.1434289805475,2023-05-05T14:45:00Z,2023-05-05T14:45:00Z,2023-05-05,2023,5,6,5,14,6,125,2,14 45,NA,NA,NA,NA,18.45,3.1000000000000014,NA,NA,NA,0,8403.079,5872.713,7098.78061038961,7958.924,18.45,-0.6310879443260529,early morning,preds,NA,NA,NA,NA,NA,NA
6576.8850255448015,2023-05-05T15:00:00Z,2023-05-05T15:00:00Z,2023-05-05,2023,5,6,5,15,6,125,2,15 0,14.3,81,17.7,3,16,-3.3999999999999986,3,81,NA,0,8403.079,5872.713,7096.909929032258,7958.924,16,-0.8169698930104419,early morning,preds,NA,NA,NA,NA,NA,NA
6695.454889815337,2023-05-05T15:15:00Z,2023-05-05T15:15:00Z,2023-05-05,2023,5,6,5,15,6,125,2,15 15,NA,NA,NA,NA,16,-3.3999999999999986,NA,NA,NA,0,8403.079,5872.713,7095.06323076923,7958.924,16,-0.8169698930104419,early morning,preds,NA,NA,NA,NA,NA,NA
7025.056428814946,2023-05-05T15:30:00Z,2023-05-05T15:30:00Z,2023-05-05,2023,5,6,5,15,6,125,2,15 30,NA,NA,NA,NA,16,-3.3999999999999986,NA,NA,NA,0,8403.079,5872.713,7087.876560509554,8695.574,16,-0.8169698930104419,early morning,preds,NA,NA,NA,NA,NA,NA
7247.704794751886,2023-05-05T15:45:00Z,2023-05-05T15:45:00Z,2023-05-05,2023,5,6,5,15,6,125,2,15 45,NA,NA,NA,NA,16,-3.3999999999999986,NA,NA,NA,0,8403.079,5872.713,7080.780860759493,8695.574,16,-0.8169698930104419,early morning,preds,NA,NA,NA,NA,NA,NA
7192.517473788165,2023-05-05T16:00:00Z,2023-05-05T16:00:00Z,2023-05-05,2023,5,6,5,16,6,125,2,16 0,17.7,80,17.9,1,17.799999999999997,-0.1999999999999993,1,80,NA,0,8403.079,5872.713,7073.77441509434,8695.574,17.799999999999997,-0.9422609221188204,early morning,preds,NA,NA,NA,NA,NA,NA
7369.852565651377,2023-05-05T16:15:00Z,2023-05-05T16:15:00Z,2023-05-05,2023,5,6,5,16,6,125,2,16 15,NA,NA,NA,NA,17.799999999999997,-0.1999999999999993,NA,NA,NA,0,8403.079,5872.713,7066.85555,8695.574,17.799999999999997,-0.9422609221188204,early morning,preds,NA,NA,NA,NA,NA,NA
7523.856827791347,2023-05-05T16:30:00Z,2023-05-05T16:30:00Z,2023-05-05,2023,5,6,5,16,6,125,2,16 30,NA,NA,NA,NA,17.799999999999997,-0.1999999999999993,NA,NA,NA,0,8403.079,5872.713,7061.694714285714,8492.793,17.799999999999997,-0.9422609221188204,early morning,preds,NA,NA,NA,NA,NA,NA
7603.749276893991,2023-05-05T16:45:00Z,2023-05-05T16:45:00Z,2023-05-05,2023,5,6,5,16,6,125,2,16 45,NA,NA,NA,NA,17.799999999999997,-0.1999999999999993,NA,NA,NA,0,8403.079,5872.713,7056.597592592592,8492.793,17.799999999999997,-0.9422609221188204,early morning,preds,NA,NA,NA,NA,NA,NA
7659.212269604364,2023-05-05T17:00:00Z,2023-05-05T17:00:00Z,2023-05-05,2023,5,6,5,17,6,125,2,17 0,18.3,3,18.2,2,18.25,0.10000000000000142,2,3,NA,0,8403.079,5872.713,7051.563012269939,8492.793,18.25,-0.9976687691905392,early morning,preds,NA,NA,NA,NA,NA,NA
7665.200475101447,2023-05-05T17:15:00Z,2023-05-05T17:15:00Z,2023-05-05,2023,5,6,5,17,6,125,2,17 15,NA,NA,NA,NA,18.25,0.10000000000000142,NA,NA,NA,0,8403.079,5872.713,7046.589829268292,8492.793,18.25,-0.9976687691905392,early morning,preds,NA,NA,NA,NA,NA,NA
7695.474156534596,2023-05-05T17:30:00Z,2023-05-05T17:30:00Z,2023-05-05,2023,5,6,5,17,6,125,2,17 30,NA,NA,NA,NA,18.25,0.10000000000000142,NA,NA,NA,0,8403.079,5789.298,7038.969878787879,8271.208,18.25,-0.9976687691905392,early morning,preds,NA,NA,NA,NA,NA,NA
7795.810875166282,2023-05-05T17:45:00Z,2023-05-05T17:45:00Z,2023-05-05,2023,5,6,5,17,6,125,2,17 45,NA,NA,NA,NA,18.25,0.10000000000000142,NA,NA,NA,0,8403.079,5789.298,7031.441734939759,8271.208,18.25,-0.9976687691905392,early morning,preds,NA,NA,NA,NA,NA,NA
7728.492056194904,2023-05-05T18:00:00Z,2023-05-05T18:00:00Z,2023-05-05,2023,5,6,5,18,6,125,2,18 0,17.2,3,16.8,80,17,0.3999999999999986,80,3,NA,0,8403.079,5789.298,7024.003748502994,8271.208,17,-0.9790840876823228,early morning,preds,NA,NA,NA,NA,NA,NA
7757.390237447621,2023-05-05T18:15:00Z,2023-05-05T18:15:00Z,2023-05-05,2023,5,6,5,18,6,125,2,18 15,NA,NA,NA,NA,17,0.3999999999999986,NA,NA,NA,0,8403.079,5789.298,7016.654309523809,8271.208,17,-0.9790840876823228,early morning,preds,NA,NA,NA,NA,NA,NA
7936.814825153911,2023-05-05T18:30:00Z,2023-05-05T18:30:00Z,2023-05-05,2023,5,6,5,18,6,125,2,18 30,NA,NA,NA,NA,17,0.3999999999999986,NA,NA,NA,0,8403.079,5215.367,7005.995804733728,8174.951,17,-0.9790840876823228,early morning,preds,NA,NA,NA,NA,NA,NA
7983.447455113053,2023-05-05T18:45:00Z,2023-05-05T18:45:00Z,2023-05-05,2023,5,6,5,18,6,125,2,18 45,NA,NA,NA,NA,17,0.3999999999999986,NA,NA,NA,0,8403.079,5215.367,6995.462694117647,8174.951,17,-0.9790840876823228,early morning,preds,NA,NA,NA,NA,NA,NA
7912.669326271839,2023-05-05T19:00:00Z,2023-05-05T19:00:00Z,2023-05-05,2023,5,6,5,19,6,125,2,19 0,16.7,3,16.2,3,16.45,0.5,3,3,NA,0,8403.079,5215.367,6985.052777777778,8174.951,16.45,-0.8878852184023751,early morning,preds,NA,NA,NA,NA,NA,NA
7861.852920772094,2023-05-05T19:15:00Z,2023-05-05T19:15:00Z,2023-05-05,2023,5,6,5,19,6,125,2,19 15,NA,NA,NA,NA,16.45,0.5,NA,NA,NA,0,8403.079,5215.367,6974.763906976744,8174.951,16.45,-0.8878852184023751,early morning,preds,NA,NA,NA,NA,NA,NA
7763.925000798708,2023-05-05T19:30:00Z,2023-05-05T19:30:00Z,2023-05-05,2023,5,6,5,19,6,125,2,19 30,NA,NA,NA,NA,16.45,0.5,NA,NA,NA,0,8403.079,5215.367,6972.785670520231,7513.885,16.45,-0.8878852184023751,early morning,preds,NA,NA,NA,NA,NA,NA
7448.990628740068,2023-05-05T19:45:00Z,2023-05-05T19:45:00Z,2023-05-05,2023,5,6,5,19,6,125,2,19 45,NA,NA,NA,NA,16.45,0.5,NA,NA,NA,0,8403.079,5215.367,6970.830172413793,7513.885,16.45,-0.8878852184023751,early morning,preds,NA,NA,NA,NA,NA,NA
7422.837747423088,2023-05-05T20:00:00Z,2023-05-05T20:00:00Z,2023-05-05,2023,5,6,5,20,6,125,2,20 0,16,3,14.9,2,15.45,1.0999999999999996,2,3,NA,0,8403.079,5215.367,6968.8970228571425,7513.885,15.45,-0.7308359642781246,early morning,preds,NA,NA,NA,NA,NA,NA
7407.614057571588,2023-05-05T20:15:00Z,2023-05-05T20:15:00Z,2023-05-05,2023,5,6,5,20,6,125,2,20 15,NA,NA,NA,NA,15.45,1.0999999999999996,NA,NA,NA,0,8403.079,5215.367,6966.985840909091,7513.885,15.45,-0.7308359642781246,early morning,preds,NA,NA,NA,NA,NA,NA
7351.7638531367875,2023-05-05T20:30:00Z,2023-05-05T20:30:00Z,2023-05-05,2023,5,6,5,20,6,125,2,20 30,NA,NA,NA,NA,15.45,1.0999999999999996,NA,NA,NA,0,8403.079,5215.367,6963.555627118644,7116.678,15.45,-0.7308359642781246,early morning,preds,NA,NA,NA,NA,NA,NA
7202.637118144752,2023-05-05T20:45:00Z,2023-05-05T20:45:00Z,2023-05-05,2023,5,6,5,20,6,125,2,20 45,NA,NA,NA,NA,15.45,1.0999999999999996,NA,NA,NA,0,8403.079,5215.367,6960.1639550561795,7116.678,15.45,-0.7308359642781246,early morning,preds,NA,NA,NA,NA,NA,NA
7369.406425943444,2023-05-05T21:00:00Z,2023-05-05T21:00:00Z,2023-05-05,2023,5,6,5,21,6,125,2,21 0,15.4,80,13.8,1,14.600000000000001,1.5999999999999996,1,80,NA,0,8403.079,5215.367,6956.810178770949,7116.678,15,-0.5195839500354343,early morning,preds,NA,NA,NA,NA,NA,NA
7406.155946366512,2023-05-05T21:15:00Z,2023-05-05T21:15:00Z,2023-05-05,2023,5,6,5,21,6,125,2,21 15,NA,NA,NA,NA,14.600000000000001,1.5999999999999996,NA,NA,NA,0,8403.079,5215.367,6953.493666666666,7116.678,15,-0.5195839500354343,early morning,preds,NA,NA,NA,NA,NA,NA
7446.298586826094,2023-05-05T21:30:00Z,2023-05-05T21:30:00Z,2023-05-05,2023,5,6,5,21,6,125,2,21 30,NA,NA,NA,NA,14.600000000000001,1.5999999999999996,NA,NA,NA,0,8403.079,5215.367,6952.389563535911,8295.33,15,-0.5195839500354343,early morning,preds,NA,NA,NA,NA,NA,NA
7263.939850202435,2023-05-05T21:45:00Z,2023-05-05T21:45:00Z,2023-05-05,2023,5,6,5,21,6,125,2,21 45,NA,NA,NA,NA,14.600000000000001,1.5999999999999996,NA,NA,NA,0,8403.079,5215.367,6951.2975934065935,8295.33,15,-0.5195839500354343,early morning,preds,NA,NA,NA,NA,NA,NA
7255.239133098605,2023-05-05T22:00:00Z,2023-05-05T22:00:00Z,2023-05-05,2023,5,6,5,22,6,125,2,22 0,14.7,1,13.2,0,13.95,1.5,0,1,NA,0,8403.079,5215.367,6950.217557377049,8295.33,15,-0.2697967711570244,early morning,preds,NA,NA,NA,NA,NA,NA
7095.971882236178,2023-05-05T22:15:00Z,2023-05-05T22:15:00Z,2023-05-05,2023,5,6,5,22,6,125,2,22 15,NA,NA,NA,NA,13.95,1.5,NA,NA,NA,0,8403.079,5215.367,6949.149260869565,8295.33,15,-0.2697967711570244,early morning,preds,NA,NA,NA,NA,NA,NA
6958.5230285473635,2023-05-05T22:30:00Z,2023-05-05T22:30:00Z,2023-05-05,2023,5,6,5,22,6,125,2,22 30,NA,NA,NA,NA,13.95,1.5,NA,NA,NA,0,8403.079,5215.367,6945.391405405406,7629.079,15,-0.2697967711570244,early morning,preds,NA,NA,NA,NA,NA,NA
6914.080112871696,2023-05-05T22:45:00Z,2023-05-05T22:45:00Z,2023-05-05,2023,5,6,5,22,6,125,2,22 45,NA,NA,NA,NA,13.95,1.5,NA,NA,NA,0,8403.079,5215.367,6941.673956989247,7629.079,15,-0.2697967711570244,early morning,preds,NA,NA,NA,NA,NA,NA
6763.905080499279,2023-05-05T23:00:00Z,2023-05-05T23:00:00Z,2023-05-05,2023,5,6,5,23,6,125,2,23 0,13.8,2,12.6,1,13.2,1.200000000000001,1,2,NA,0,8403.079,5215.367,6937.996267379679,7629.079,15,-2.4492935982947064e-16,early morning,preds,NA,NA,NA,NA,NA,NA
6602.75201043552,2023-05-05T23:15:00Z,2023-05-05T23:15:00Z,2023-05-05,2023,5,6,5,23,6,125,2,23 15,NA,NA,NA,NA,13.2,1.200000000000001,NA,NA,NA,0,8403.079,5215.367,6934.35770212766,7629.079,15,-2.4492935982947064e-16,early morning,preds,NA,NA,NA,NA,NA,NA
6582.45384772767,2023-05-05T23:30:00Z,2023-05-05T23:30:00Z,2023-05-05,2023,5,6,5,23,6,125,2,23 30,NA,NA,NA,NA,13.2,1.200000000000001,NA,NA,NA,0,8403.079,5215.367,6932.693825396826,8269.83,15,-2.4492935982947064e-16,early morning,preds,NA,NA,NA,NA,NA,NA
6430.0600616660495,2023-05-05T23:45:00Z,2023-05-05T23:45:00Z,2023-05-05,2023,5,6,5,23,6,125,2,23 45,NA,NA,NA,NA,13.2,1.200000000000001,NA,NA,NA,0,8403.079,5215.367,6931.0474631578945,8269.83,15,-2.4492935982947064e-16,early morning,preds,NA,NA,NA,NA,NA,NA
6439.813969354219,2023-05-06T00:15:00Z,2023-05-06T00:15:00Z,2023-05-06,2023,5,7,6,0,7,126,2,0 15,NA,NA,NA,NA,13.2,1.200000000000001,NA,NA,NA,0,8403.079,5215.367,6929.418340314136,8269.83,15,0,morning,preds,NA,NA,NA,NA,NA,NA
6404.143990461417,2023-05-06T00:30:00Z,2023-05-06T00:30:00Z,2023-05-06,2023,5,7,6,0,7,126,2,0 30,NA,NA,NA,NA,13.2,1.200000000000001,NA,NA,NA,0,8403.079,5215.367,6927.8061875,8269.83,15,0,morning,preds,NA,NA,NA,NA,NA,NA
6417.44547980474,2023-05-06T00:45:00Z,2023-05-06T00:45:00Z,2023-05-06,2023,5,7,6,0,7,126,2,0 45,NA,NA,NA,NA,13.2,1.200000000000001,NA,NA,NA,0,8403.079,5215.367,6925.249388601036,7224.24,15,0,morning,preds,NA,NA,NA,NA,NA,NA
6380.125822040371,2023-05-06T01:00:00Z,2023-05-06T01:00:00Z,2023-05-06,2023,5,7,6,1,7,126,2,1 0,12.7,1,11.8,0,12.25,0.8999999999999986,0,1,NA,0,8403.079,5215.367,6922.718948453608,7224.24,15,0.2697967711570243,morning,preds,NA,NA,NA,NA,NA,NA
6432.573750280813,2023-05-06T01:15:00Z,2023-05-06T01:15:00Z,2023-05-06,2023,5,7,6,1,7,126,2,1 15,NA,NA,NA,NA,12.25,0.8999999999999986,NA,NA,NA,0,8403.079,5215.367,6920.214461538461,7224.24,15,0.2697967711570243,morning,preds,NA,NA,NA,NA,NA,NA
6386.69275860008,2023-05-06T01:30:00Z,2023-05-06T01:30:00Z,2023-05-06,2023,5,7,6,1,7,126,2,1 30,NA,NA,NA,NA,12.25,0.8999999999999986,NA,NA,NA,0,8403.079,5215.367,6917.7355306122445,7224.24,15,0.2697967711570243,morning,preds,NA,NA,NA,NA,NA,NA
6418.142079518862,2023-05-06T01:45:00Z,2023-05-06T01:45:00Z,2023-05-06,2023,5,7,6,1,7,126,2,1 45,NA,NA,NA,NA,12.25,0.8999999999999986,NA,NA,NA,0,8403.079,5215.367,6915.154781725888,7335.801,15,0.2697967711570243,morning,preds,NA,NA,NA,NA,NA,NA
6374.6636000031,2023-05-06T02:00:00Z,2023-05-06T02:00:00Z,2023-05-06,2023,5,7,6,2,7,126,2,2 0,12.3,2,11.3,2,11.8,1,2,2,NA,0,8403.079,5215.367,6912.600101010101,7335.801,15,0.5195839500354336,morning,preds,NA,NA,NA,NA,NA,NA
6405.89930741942,2023-05-06T02:15:00Z,2023-05-06T02:15:00Z,2023-05-06,2023,5,7,6,2,7,126,2,2 15,NA,NA,NA,NA,11.8,1,NA,NA,NA,0,8403.079,5215.367,6910.071095477387,7335.801,15,0.5195839500354336,morning,preds,NA,NA,NA,NA,NA,NA
6391.379359370956,2023-05-06T02:30:00Z,2023-05-06T02:30:00Z,2023-05-06,2023,5,7,6,2,7,126,2,2 30,NA,NA,NA,NA,11.8,1,NA,NA,NA,0,8403.079,5215.367,6907.56738,7335.801,15,0.5195839500354336,morning,preds,NA,NA,NA,NA,NA,NA
6284.694906327582,2023-05-06T02:45:00Z,2023-05-06T02:45:00Z,2023-05-06,2023,5,7,6,2,7,126,2,2 45,NA,NA,NA,NA,11.8,1,NA,NA,NA,0,8403.079,5215.367,6905.978800995025,8391.151,15,0.5195839500354336,morning,preds,NA,NA,NA,NA,NA,NA
6379.945108548597,2023-05-06T03:00:00Z,2023-05-06T03:00:00Z,2023-05-06,2023,5,7,6,3,7,126,2,3 0,11.9,1,10.7,2,11.3,1.200000000000001,2,1,NA,0,8403.079,5215.367,6904.405950495049,8391.151,15,0.730835964278124,morning,preds,NA,NA,NA,NA,NA,NA
6364.405870648223,2023-05-06T03:15:00Z,2023-05-06T03:15:00Z,2023-05-06,2023,5,7,6,3,7,126,2,3 15,NA,NA,NA,NA,11.3,1.200000000000001,NA,NA,NA,0,8403.079,5215.367,6902.848596059113,8391.151,15,0.730835964278124,morning,preds,NA,NA,NA,NA,NA,NA
6380.736510093029,2023-05-06T03:30:00Z,2023-05-06T03:30:00Z,2023-05-06,2023,5,7,6,3,7,126,2,3 30,NA,NA,NA,NA,11.3,1.200000000000001,NA,NA,NA,0,8403.079,5215.367,6901.3065098039215,8391.151,15,0.730835964278124,morning,preds,NA,NA,NA,NA,NA,NA
6355.897938472978,2023-05-06T03:45:00Z,2023-05-06T03:45:00Z,2023-05-06,2023,5,7,6,3,7,126,2,3 45,NA,NA,NA,NA,11.3,1.200000000000001,NA,NA,NA,0,8403.079,5215.367,6901.601834146341,6709.577,15,0.730835964278124,morning,preds,NA,NA,NA,NA,NA,NA
6419.698671246362,2023-05-06T04:00:00Z,2023-05-06T04:00:00Z,2023-05-06,2023,5,7,6,4,7,126,2,4 0,11.5,3,10.4,3,10.95,1.0999999999999996,3,3,NA,0,8403.079,5215.367,6901.894291262136,6709.577,15,0.8878852184023752,morning,preds,NA,NA,NA,NA,NA,NA
6537.482199884963,2023-05-06T04:15:00Z,2023-05-06T04:15:00Z,2023-05-06,2023,5,7,6,4,7,126,2,4 15,NA,NA,NA,NA,10.95,1.0999999999999996,NA,NA,NA,0,8403.079,5215.367,6902.183922705314,6709.577,15,0.8878852184023752,morning,preds,NA,NA,NA,NA,NA,NA
6608.34871974375,2023-05-06T04:30:00Z,2023-05-06T04:30:00Z,2023-05-06,2023,5,7,6,4,7,126,2,4 30,NA,NA,NA,NA,10.95,1.0999999999999996,NA,NA,NA,0,8403.079,5215.367,6902.470769230769,6709.577,15,0.8878852184023752,morning,preds,NA,NA,NA,NA,NA,NA
6756.235644568896,2023-05-06T04:45:00Z,2023-05-06T04:45:00Z,2023-05-06,2023,5,7,6,4,7,126,2,4 45,NA,NA,NA,NA,10.95,1.0999999999999996,NA,NA,NA,0,8403.079,5215.367,6903.0192200956935,8160.843,15,0.8878852184023752,morning,preds,NA,NA,NA,NA,NA,NA
6711.7246703466235,2023-05-06T05:00:00Z,2023-05-06T05:00:00Z,2023-05-06,2023,5,7,6,5,7,126,2,5 0,11.4,3,10.3,3,10.850000000000001,1.0999999999999996,3,3,NA,0,8403.079,5215.367,6903.562447619048,8160.843,15,0.9790840876823228,early morning,preds,NA,NA,NA,NA,NA,NA
6766.505703461501,2023-05-06T05:15:00Z,2023-05-06T05:15:00Z,2023-05-06,2023,5,7,6,5,7,126,2,5 15,NA,NA,NA,NA,10.850000000000001,1.0999999999999996,NA,NA,NA,0,8403.079,5215.367,6904.1005260663505,8160.843,15,0.9790840876823228,early morning,preds,NA,NA,NA,NA,NA,NA
6624.831547294134,2023-05-06T05:30:00Z,2023-05-06T05:30:00Z,2023-05-06,2023,5,7,6,5,7,126,2,5 30,NA,NA,NA,NA,10.850000000000001,1.0999999999999996,NA,NA,NA,0,8403.079,5215.367,6904.633528301887,8160.843,15,0.9790840876823228,early morning,preds,NA,NA,NA,NA,NA,NA
6533.769945600966,2023-05-06T05:45:00Z,2023-05-06T05:45:00Z,2023-05-06,2023,5,7,6,5,7,126,2,5 45,NA,NA,NA,NA,10.850000000000001,1.0999999999999996,NA,NA,NA,0,8403.079,5215.367,6907.198685446009,8673.161,15,0.9790840876823228,early morning,preds,NA,NA,NA,NA,NA,NA
6575.615194437785,2023-05-06T06:00:00Z,2023-05-06T06:00:00Z,2023-05-06,2023,5,7,6,6,7,126,2,6 0,12,3,11.3,3,11.65,0.6999999999999993,3,3,NA,0,8403.079,5215.367,6909.739869158879,8673.161,15,0.9976687691905392,early morning,preds,NA,NA,NA,NA,NA,NA
6571.427429544423,2023-05-06T06:15:00Z,2023-05-06T06:15:00Z,2023-05-06,2023,5,7,6,6,7,126,2,6 15,NA,NA,NA,NA,11.65,0.6999999999999993,NA,NA,NA,0,8403.079,5215.367,6912.257413953488,8673.161,15,0.9976687691905392,early morning,preds,NA,NA,NA,NA,NA,NA
6673.71477175234,2023-05-06T06:30:00Z,2023-05-06T06:30:00Z,2023-05-06,2023,5,7,6,6,7,126,2,6 30,NA,NA,NA,NA,11.65,0.6999999999999993,NA,NA,NA,0,8403.079,5215.367,6914.751648148148,8673.161,15,0.9976687691905392,early morning,preds,NA,NA,NA,NA,NA,NA
6669.862185406535,2023-05-06T06:45:00Z,2023-05-06T06:45:00Z,2023-05-06,2023,5,7,6,6,7,126,2,6 45,NA,NA,NA,NA,11.65,0.6999999999999993,NA,NA,NA,0,8403.079,5215.367,6915.209737327189,8168.559,15,0.9976687691905392,early morning,preds,NA,NA,NA,NA,NA,NA
6798.729304156846,2023-05-06T07:00:00Z,2023-05-06T07:00:00Z,2023-05-06,2023,5,7,6,7,7,126,2,7 0,14.1,3,13.2,3,13.649999999999999,0.9000000000000004,3,3,NA,0,8403.079,5215.367,6915.663623853211,8168.559,15,0.9422609221188205,early morning,preds,NA,NA,NA,NA,NA,NA
6609.809482709112,2023-05-06T07:15:00Z,2023-05-06T07:15:00Z,2023-05-06,2023,5,7,6,7,7,126,2,7 15,NA,NA,NA,NA,13.649999999999999,0.9000000000000004,NA,NA,NA,0,8403.079,5215.367,6916.113365296804,8168.559,15,0.9422609221188205,early morning,preds,NA,NA,NA,NA,NA,NA
6516.260172377412,2023-05-06T07:30:00Z,2023-05-06T07:30:00Z,2023-05-06,2023,5,7,6,7,7,126,2,7 30,NA,NA,NA,NA,13.649999999999999,0.9000000000000004,NA,NA,NA,0,8403.079,5215.367,6916.559018181818,8168.559,15,0.9422609221188205,early morning,preds,NA,NA,NA,NA,NA,NA
6165.008398581928,2023-05-06T07:45:00Z,2023-05-06T07:45:00Z,2023-05-06,2023,5,7,6,7,7,126,2,7 45,NA,NA,NA,NA,13.649999999999999,0.9000000000000004,NA,NA,NA,0,8403.079,5215.367,6915.523212669683,6772.865,15,0.9422609221188205,early morning,preds,NA,NA,NA,NA,NA,NA
6122.109870107223,2023-05-06T08:00:00Z,2023-05-06T08:00:00Z,2023-05-06,2023,5,7,6,8,7,126,2,8 0,15.9,3,14.7,3,15.3,1.200000000000001,3,3,NA,0,8403.079,5215.367,6914.496738738739,6772.865,15.3,0.8169698930104421,early morning,preds,NA,NA,NA,NA,NA,NA
5946.213230047576,2023-05-06T08:15:00Z,2023-05-06T08:15:00Z,2023-05-06,2023,5,7,6,8,7,126,2,8 15,NA,NA,NA,NA,15.3,1.200000000000001,NA,NA,NA,0,8403.079,5215.367,6913.479470852018,6772.865,15.3,0.8169698930104421,early morning,preds,NA,NA,NA,NA,NA,NA
5805.4595929111465,2023-05-06T08:30:00Z,2023-05-06T08:30:00Z,2023-05-06,2023,5,7,6,8,7,126,2,8 30,NA,NA,NA,NA,15.3,1.200000000000001,NA,NA,NA,0,8403.079,5215.367,6912.471285714286,6772.865,15.3,0.8169698930104421,early morning,preds,NA,NA,NA,NA,NA,NA
5934.4506390644565,2023-05-06T08:45:00Z,2023-05-06T08:45:00Z,2023-05-06,2023,5,7,6,8,7,126,2,8 45,NA,NA,NA,NA,15.3,1.200000000000001,NA,NA,NA,0,8403.079,5215.367,6909.555871111111,7643.72,15.3,0.8169698930104421,early morning,preds,NA,NA,NA,NA,NA,NA
5935.422584653546,2023-05-06T09:00:00Z,2023-05-06T09:00:00Z,2023-05-06,2023,5,7,6,9,7,126,2,9 0,17.5,3,15.9,3,16.7,1.5999999999999996,3,3,NA,0,8403.079,5215.367,6906.666256637168,7643.72,16.7,0.6310879443260526,early morning,preds,NA,NA,NA,NA,NA,NA
5872.673107246299,2023-05-06T09:15:00Z,2023-05-06T09:15:00Z,2023-05-06,2023,5,7,6,9,7,126,2,9 15,NA,NA,NA,NA,16.7,1.5999999999999996,NA,NA,NA,0,8403.079,5215.367,6903.802101321586,7643.72,16.7,0.6310879443260526,early morning,preds,NA,NA,NA,NA,NA,NA
5838.148187913414,2023-05-06T09:30:00Z,2023-05-06T09:30:00Z,2023-05-06,2023,5,7,6,9,7,126,2,9 30,NA,NA,NA,NA,16.7,1.5999999999999996,NA,NA,NA,0,8403.079,5215.367,6900.963070175439,7643.72,16.7,0.6310879443260526,early morning,preds,NA,NA,NA,NA,NA,NA
5855.120267708738,2023-05-06T09:45:00Z,2023-05-06T09:45:00Z,2023-05-06,2023,5,7,6,9,7,126,2,9 45,NA,NA,NA,NA,16.7,1.5999999999999996,NA,NA,NA,0,8403.079,5215.367,6901.293109170306,8174.581,16.7,0.6310879443260526,early morning,preds,NA,NA,NA,NA,NA,NA
6010.001393587486,2023-05-06T10:00:00Z,2023-05-06T10:00:00Z,2023-05-06,2023,5,7,6,10,7,126,2,10 0,18.5,3,16.9,3,17.7,1.6000000000000014,3,3,NA,0,8403.079,5215.367,6901.62027826087,8174.581,17.7,0.3984010898462418,early morning,preds,NA,NA,NA,NA,NA,NA
5864.382262911718,2023-05-06T10:15:00Z,2023-05-06T10:15:00Z,2023-05-06,2023,5,7,6,10,7,126,2,10 15,NA,NA,NA,NA,17.7,1.6000000000000014,NA,NA,NA,0,8403.079,5215.367,6901.9446147186145,8174.581,17.7,0.3984010898462418,early morning,preds,NA,NA,NA,NA,NA,NA
5732.166924989758,2023-05-06T10:30:00Z,2023-05-06T10:30:00Z,2023-05-06,2023,5,7,6,10,7,126,2,10 30,NA,NA,NA,NA,17.7,1.6000000000000014,NA,NA,NA,0,8403.079,5215.367,6902.266155172414,8174.581,17.7,0.3984010898462418,early morning,preds,NA,NA,NA,NA,NA,NA
5767.268181352114,2023-05-06T10:45:00Z,2023-05-06T10:45:00Z,2023-05-06,2023,5,7,6,10,7,126,2,10 45,NA,NA,NA,NA,17.7,1.6000000000000014,NA,NA,NA,0,8403.079,5215.367,6904.365703862661,8219.156,17.7,0.3984010898462418,early morning,preds,NA,NA,NA,NA,NA,NA
5938.020740389001,2023-05-06T11:00:00Z,2023-05-06T11:00:00Z,2023-05-06,2023,5,7,6,11,7,126,2,11 0,19.1,61,18.4,3,18.75,0.7000000000000028,3,61,NA,0,8403.079,5215.367,6906.447307692308,8219.156,18.75,0.13616664909624665,early morning,preds,NA,NA,NA,NA,NA,NA
5764.218297007888,2023-05-06T11:15:00Z,2023-05-06T11:15:00Z,2023-05-06,2023,5,7,6,11,7,126,2,11 15,NA,NA,NA,NA,18.75,0.7000000000000028,NA,NA,NA,0,8403.079,5215.367,6908.511195744681,8219.156,18.75,0.13616664909624665,early morning,preds,NA,NA,NA,NA,NA,NA
5721.103358834302,2023-05-06T11:30:00Z,2023-05-06T11:30:00Z,2023-05-06,2023,5,7,6,11,7,126,2,11 30,NA,NA,NA,NA,18.75,0.7000000000000028,NA,NA,NA,0,8403.079,5215.367,6910.557593220339,8219.156,18.75,0.13616664909624665,early morning,preds,NA,NA,NA,NA,NA,NA
5768.365931830734,2023-05-06T11:45:00Z,2023-05-06T11:45:00Z,2023-05-06,2023,5,7,6,11,7,126,2,11 45,NA,NA,NA,NA,18.75,0.7000000000000028,NA,NA,NA,0,8403.079,5215.367,6912.391459915611,8475.099,18.75,0.13616664909624665,early morning,preds,NA,NA,NA,NA,NA,NA
5640.081822014264,2023-05-06T12:00:00Z,2023-05-06T12:00:00Z,2023-05-06,2023,5,7,6,12,7,126,2,12 0,19,3,18.2,61,18.6,0.8000000000000007,61,3,NA,0,8403.079,5215.367,6914.209915966387,8475.099,18.6,-0.13616664909624643,early morning,preds,NA,NA,NA,NA,NA,NA
5780.8341311018385,2023-05-06T12:15:00Z,2023-05-06T12:15:00Z,2023-05-06,2023,5,7,6,12,7,126,2,12 15,NA,NA,NA,NA,18.6,0.8000000000000007,NA,NA,NA,0,8403.079,5215.367,6916.013154811715,8475.099,18.6,-0.13616664909624643,early morning,preds,NA,NA,NA,NA,NA,NA
5804.367646400843,2023-05-06T12:30:00Z,2023-05-06T12:30:00Z,2023-05-06,2023,5,7,6,12,7,126,2,12 30,NA,NA,NA,NA,18.6,0.8000000000000007,NA,NA,NA,0,8403.079,5215.367,6917.801366666667,8475.099,18.6,-0.13616664909624643,early morning,preds,NA,NA,NA,NA,NA,NA
5809.09801987878,2023-05-06T12:45:00Z,2023-05-06T12:45:00Z,2023-05-06,2023,5,7,6,12,7,126,2,12 45,NA,NA,NA,NA,18.6,0.8000000000000007,NA,NA,NA,0,8403.079,5215.367,6919.038526970954,8300.122,18.6,-0.13616664909624643,early morning,preds,NA,NA,NA,NA,NA,NA
5775.305214207667,2023-05-06T13:00:00Z,2023-05-06T13:00:00Z,2023-05-06,2023,5,7,6,13,7,126,2,13 0,19.9,3,17.5,61,18.7,2.3999999999999986,61,3,NA,0,8403.079,5215.367,6920.265462809917,8300.122,18.7,-0.3984010898462412,early morning,preds,NA,NA,NA,NA,NA,NA
5886.758732909248,2023-05-06T13:15:00Z,2023-05-06T13:15:00Z,2023-05-06,2023,5,7,6,13,7,126,2,13 15,NA,NA,NA,NA,18.7,2.3999999999999986,NA,NA,NA,0,8403.079,5215.367,6921.482300411522,8300.122,18.7,-0.3984010898462412,early morning,preds,NA,NA,NA,NA,NA,NA
5877.5837149223435,2023-05-06T13:30:00Z,2023-05-06T13:30:00Z,2023-05-06,2023,5,7,6,13,7,126,2,13 30,NA,NA,NA,NA,18.7,2.3999999999999986,NA,NA,NA,0,8403.079,5215.367,6922.689163934427,8300.122,18.7,-0.3984010898462412,early morning,preds,NA,NA,NA,NA,NA,NA
5916.439150569121,2023-05-06T13:45:00Z,2023-05-06T13:45:00Z,2023-05-06,2023,5,7,6,13,7,126,2,13 45,NA,NA,NA,NA,18.7,2.3999999999999986,NA,NA,NA,0,8403.079,5215.367,6923.105828571429,8502.738,18.7,-0.3984010898462412,early morning,preds,NA,NA,NA,NA,NA,NA
5717.901551901875,2023-05-06T14:00:00Z,2023-05-06T14:00:00Z,2023-05-06,2023,5,7,6,14,7,126,2,14 0,19.2,3,17.6,61,18.4,1.5999999999999979,61,3,NA,0,8403.079,5215.367,6923.519105691057,8502.738,18.4,-0.6310879443260529,early morning,preds,NA,NA,NA,NA,NA,NA
5771.262402111443,2023-05-06T14:15:00Z,2023-05-06T14:15:00Z,2023-05-06,2023,5,7,6,14,7,126,2,14 15,NA,NA,NA,NA,18.4,1.5999999999999979,NA,NA,NA,0,8403.079,5215.367,6923.929036437247,8502.738,18.4,-0.6310879443260529,early morning,preds,NA,NA,NA,NA,NA,NA
5942.461786064448,2023-05-06T14:30:00Z,2023-05-06T14:30:00Z,2023-05-06,2023,5,7,6,14,7,126,2,14 30,NA,NA,NA,NA,18.4,1.5999999999999979,NA,NA,NA,0,8403.079,5215.367,6924.335661290323,8502.738,18.4,-0.6310879443260529,early morning,preds,NA,NA,NA,NA,NA,NA
6019.971317780524,2023-05-06T14:45:00Z,2023-05-06T14:45:00Z,2023-05-06,2023,5,7,6,14,7,126,2,14 45,NA,NA,NA,NA,18.4,1.5999999999999979,NA,NA,NA,0,8403.079,5215.367,6923.76067871486,8570.544,18.4,-0.6310879443260529,early morning,preds,NA,NA,NA,NA,NA,NA
6310.759282655366,2023-05-06T15:00:00Z,2023-05-06T15:00:00Z,2023-05-06,2023,5,7,6,15,7,126,2,15 0,18,61,17.8,61,17.9,0.1999999999999993,61,61,NA,0,8403.079,5215.367,6923.190296,8570.544,17.9,-0.8169698930104419,early morning,preds,NA,NA,NA,NA,NA,NA
6350.856054646763,2023-05-06T15:15:00Z,2023-05-06T15:15:00Z,2023-05-06,2023,5,7,6,15,7,126,2,15 15,NA,NA,NA,NA,17.9,0.1999999999999993,NA,NA,NA,0,8403.079,5215.367,6922.624458167331,8570.544,17.9,-0.8169698930104419,early morning,preds,NA,NA,NA,NA,NA,NA
6538.899627791247,2023-05-06T15:30:00Z,2023-05-06T15:30:00Z,2023-05-06,2023,5,7,6,15,7,126,2,15 30,NA,NA,NA,NA,17.9,0.1999999999999993,NA,NA,NA,0,8403.079,5215.367,6922.0631111111115,8570.544,17.9,-0.8169698930104419,early morning,preds,NA,NA,NA,NA,NA,NA
6717.973466677202,2023-05-06T15:45:00Z,2023-05-06T15:45:00Z,2023-05-06,2023,5,7,6,15,7,126,2,15 45,NA,NA,NA,NA,17.9,0.1999999999999993,NA,NA,NA,0,8403.079,5215.367,6920.515968379446,8586.706,17.9,-0.8169698930104419,early morning,preds,NA,NA,NA,NA,NA,NA
6469.399591004981,2023-05-06T16:00:00Z,2023-05-06T16:00:00Z,2023-05-06,2023,5,7,6,16,7,126,2,16 0,17.3,61,15.9,61,16.6,1.4000000000000004,61,61,NA,0,8403.079,5215.367,6918.981007874016,8586.706,16.6,-0.9422609221188204,early morning,preds,NA,NA,NA,NA,NA,NA
6731.487173516268,2023-05-06T16:15:00Z,2023-05-06T16:15:00Z,2023-05-06,2023,5,7,6,16,7,126,2,16 15,NA,NA,NA,NA,16.6,1.4000000000000004,NA,NA,NA,0,8403.079,5215.367,6917.45808627451,8586.706,16.6,-0.9422609221188204,early morning,preds,NA,NA,NA,NA,NA,NA
6761.584056780073,2023-05-06T16:30:00Z,2023-05-06T16:30:00Z,2023-05-06,2023,5,7,6,16,7,126,2,16 30,NA,NA,NA,NA,16.6,1.4000000000000004,NA,NA,NA,0,8403.079,5215.367,6915.9470625,8586.706,16.6,-0.9422609221188204,early morning,preds,NA,NA,NA,NA,NA,NA
6798.424276265864,2023-05-06T16:45:00Z,2023-05-06T16:45:00Z,2023-05-06,2023,5,7,6,16,7,126,2,16 45,NA,NA,NA,NA,16.6,1.4000000000000004,NA,NA,NA,0,8403.079,5215.367,6916.2293540856035,7013.688,16.6,-0.9422609221188204,early morning,preds,NA,NA,NA,NA,NA,NA
6936.995431702281,2023-05-06T17:00:00Z,2023-05-06T17:00:00Z,2023-05-06,2023,5,7,6,17,7,126,2,17 0,16.8,61,15.7,61,16.25,1.1000000000000014,61,61,NA,0,8403.079,5215.367,6916.509457364341,7013.688,16.25,-0.9976687691905392,early morning,preds,NA,NA,NA,NA,NA,NA
6903.080364268512,2023-05-06T17:15:00Z,2023-05-06T17:15:00Z,2023-05-06,2023,5,7,6,17,7,126,2,17 15,NA,NA,NA,NA,16.25,1.1000000000000014,NA,NA,NA,0,8403.079,5215.367,6916.787397683398,7013.688,16.25,-0.9976687691905392,early morning,preds,NA,NA,NA,NA,NA,NA
6937.04944751567,2023-05-06T17:30:00Z,2023-05-06T17:30:00Z,2023-05-06,2023,5,7,6,17,7,126,2,17 30,NA,NA,NA,NA,16.25,1.1000000000000014,NA,NA,NA,0,8403.079,5215.367,6917.0632,7013.688,16.25,-0.9976687691905392,early morning,preds,NA,NA,NA,NA,NA,NA
7203.6797289289725,2023-05-06T17:45:00Z,2023-05-06T17:45:00Z,2023-05-06,2023,5,7,6,17,7,126,2,17 45,NA,NA,NA,NA,16.25,1.1000000000000014,NA,NA,NA,0,8403.079,5215.367,6917.864574712644,7554.892,16.25,-0.9976687691905392,early morning,preds,NA,NA,NA,NA,NA,NA
7138.55764289513,2023-05-06T18:00:00Z,2023-05-06T18:00:00Z,2023-05-06,2023,5,7,6,18,7,126,2,18 0,16.4,61,15.2,61,15.799999999999999,1.1999999999999993,61,61,NA,0,8403.079,5215.367,6918.659832061068,7554.892,15.799999999999999,-0.9790840876823228,early morning,preds,NA,NA,NA,NA,NA,NA
7358.830789219405,2023-05-06T18:15:00Z,2023-05-06T18:15:00Z,2023-05-06,2023,5,7,6,18,7,126,2,18 15,NA,NA,NA,NA,15.799999999999999,1.1999999999999993,NA,NA,NA,0,8403.079,5215.367,6919.449041825095,7554.892,15.799999999999999,-0.9790840876823228,early morning,preds,NA,NA,NA,NA,NA,NA
7356.098869869031,2023-05-06T18:30:00Z,2023-05-06T18:30:00Z,2023-05-06,2023,5,7,6,18,7,126,2,18 30,NA,NA,NA,NA,15.799999999999999,1.1999999999999993,NA,NA,NA,0,8403.079,5215.367,6920.232272727273,7554.892,15.799999999999999,-0.9790840876823228,early morning,preds,NA,NA,NA,NA,NA,NA
7489.7887366748355,2023-05-06T18:45:00Z,2023-05-06T18:45:00Z,2023-05-06,2023,5,7,6,18,7,126,2,18 45,NA,NA,NA,NA,15.799999999999999,1.1999999999999993,NA,NA,NA,0,8403.079,5215.367,6920.4078226415095,7915.735,15.799999999999999,-0.9790840876823228,early morning,preds,NA,NA,NA,NA,NA,NA
7344.375400673504,2023-05-06T19:00:00Z,2023-05-06T19:00:00Z,2023-05-06,2023,5,7,6,19,7,126,2,19 0,15.9,61,14.6,61,15.25,1.3000000000000007,61,61,NA,0,8403.079,5215.367,6920.582052631579,7915.735,15.25,-0.8878852184023751,early morning,preds,NA,NA,NA,NA,NA,NA
7454.934439641115,2023-05-06T19:15:00Z,2023-05-06T19:15:00Z,2023-05-06,2023,5,7,6,19,7,126,2,19 15,NA,NA,NA,NA,15.25,1.3000000000000007,NA,NA,NA,0,8403.079,5215.367,6920.7549775280895,7915.735,15.25,-0.8878852184023751,early morning,preds,NA,NA,NA,NA,NA,NA
7410.425535154209,2023-05-06T19:30:00Z,2023-05-06T19:30:00Z,2023-05-06,2023,5,7,6,19,7,126,2,19 30,NA,NA,NA,NA,15.25,1.3000000000000007,NA,NA,NA,0,8403.079,5215.367,6920.926611940298,7915.735,15.25,-0.8878852184023751,early morning,preds,NA,NA,NA,NA,NA,NA
7258.798740494457,2023-05-06T19:45:00Z,2023-05-06T19:45:00Z,2023-05-06,2023,5,7,6,19,7,126,2,19 45,NA,NA,NA,NA,15.25,1.3000000000000007,NA,NA,NA,0,8403.079,5215.367,6921.443672862453,7972.981,15.25,-0.8878852184023751,early morning,preds,NA,NA,NA,NA,NA,NA
7001.4441233639345,2023-05-06T20:00:00Z,2023-05-06T20:00:00Z,2023-05-06,2023,5,7,6,20,7,126,2,20 0,15.4,61,14.2,61,14.8,1.200000000000001,61,61,NA,0,8403.079,5215.367,6921.956903703704,7972.981,15,-0.7308359642781246,early morning,preds,NA,NA,NA,NA,NA,NA
7240.949815299518,2023-05-06T20:15:00Z,2023-05-06T20:15:00Z,2023-05-06,2023,5,7,6,20,7,126,2,20 15,NA,NA,NA,NA,14.8,1.200000000000001,NA,NA,NA,0,8403.079,5215.367,6922.466346863469,7972.981,15,-0.7308359642781246,early morning,preds,NA,NA,NA,NA,NA,NA
7240.294190252584,2023-05-06T20:30:00Z,2023-05-06T20:30:00Z,2023-05-06,2023,5,7,6,20,7,126,2,20 30,NA,NA,NA,NA,14.8,1.200000000000001,NA,NA,NA,0,8403.079,5215.367,6922.972044117647,7972.981,15,-0.7308359642781246,early morning,preds,NA,NA,NA,NA,NA,NA
7132.268277066501,2023-05-06T20:45:00Z,2023-05-06T20:45:00Z,2023-05-06,2023,5,7,6,20,7,126,2,20 45,NA,NA,NA,NA,14.8,1.200000000000001,NA,NA,NA,0,8403.079,5215.367,6924.312838827839,8243.267,15,-0.7308359642781246,early morning,preds,NA,NA,NA,NA,NA,NA
7042.220624890799,2023-05-06T21:00:00Z,2023-05-06T21:00:00Z,2023-05-06,2023,5,7,6,21,7,126,2,21 0,14.9,61,14,61,14.45,0.9000000000000004,61,61,NA,0,8403.079,5215.367,6925.643846715328,8243.267,15,-0.5195839500354343,early morning,preds,NA,NA,NA,NA,NA,NA
7271.634389346493,2023-05-06T21:15:00Z,2023-05-06T21:15:00Z,2023-05-06,2023,5,7,6,21,7,126,2,21 15,NA,NA,NA,NA,14.45,0.9000000000000004,NA,NA,NA,0,8403.079,5215.367,6926.965174545455,8243.267,15,-0.5195839500354343,early morning,preds,NA,NA,NA,NA,NA,NA
7152.596036680735,2023-05-06T21:30:00Z,2023-05-06T21:30:00Z,2023-05-06,2023,5,7,6,21,7,126,2,21 30,NA,NA,NA,NA,14.45,0.9000000000000004,NA,NA,NA,0,8403.079,5215.367,6928.276927536232,8243.267,15,-0.5195839500354343,early morning,preds,NA,NA,NA,NA,NA,NA
7051.14536513902,2023-05-06T21:45:00Z,2023-05-06T21:45:00Z,2023-05-06,2023,5,7,6,21,7,126,2,21 45,NA,NA,NA,NA,14.45,0.9000000000000004,NA,NA,NA,0,8403.079,5215.367,6927.454184115523,8312.054,15,-0.5195839500354343,early morning,preds,NA,NA,NA,NA,NA,NA
6682.250093044279,2023-05-06T22:00:00Z,2023-05-06T22:00:00Z,2023-05-06,2023,5,7,6,22,7,126,2,22 0,14.7,61,13.8,61,14.25,0.8999999999999986,61,61,NA,0,8403.079,5215.367,6926.63735971223,8312.054,15,-0.2697967711570244,early morning,preds,NA,NA,NA,NA,NA,NA
6777.134255895516,2023-05-06T22:15:00Z,2023-05-06T22:15:00Z,2023-05-06,2023,5,7,6,22,7,126,2,22 15,NA,NA,NA,NA,14.25,0.8999999999999986,NA,NA,NA,0,8403.079,5215.367,6925.826390681003,8312.054,15,-0.2697967711570244,early morning,preds,NA,NA,NA,NA,NA,NA
6734.302524575098,2023-05-06T22:30:00Z,2023-05-06T22:30:00Z,2023-05-06,2023,5,7,6,22,7,126,2,22 30,NA,NA,NA,NA,14.25,0.8999999999999986,NA,NA,NA,0,8403.079,5215.367,6925.021214285714,8312.054,15,-0.2697967711570244,early morning,preds,NA,NA,NA,NA,NA,NA
6492.840178229728,2023-05-06T22:45:00Z,2023-05-06T22:45:00Z,2023-05-06,2023,5,7,6,22,7,126,2,22 45,NA,NA,NA,NA,14.25,0.8999999999999986,NA,NA,NA,0,8403.079,5215.367,6923.014846975089,8395.417,15,-0.2697967711570244,early morning,preds,NA,NA,NA,NA,NA,NA
6301.309698891633,2023-05-06T23:00:00Z,2023-05-06T23:00:00Z,2023-05-06,2023,5,7,6,23,7,126,2,23 0,14.5,61,13.6,61,14.05,0.9000000000000004,61,61,NA,0,8403.079,5215.367,6921.022709219858,8395.417,15,-2.4492935982947064e-16,early morning,preds,NA,NA,NA,NA,NA,NA
6337.893561189196,2023-05-06T23:15:00Z,2023-05-06T23:15:00Z,2023-05-06,2023,5,7,6,23,7,126,2,23 15,NA,NA,NA,NA,14.05,0.9000000000000004,NA,NA,NA,0,8403.079,5215.367,6919.044650176678,8395.417,15,-2.4492935982947064e-16,early morning,preds,NA,NA,NA,NA,NA,NA
6297.084537633114,2023-05-06T23:30:00Z,2023-05-06T23:30:00Z,2023-05-06,2023,5,7,6,23,7,126,2,23 30,NA,NA,NA,NA,14.05,0.9000000000000004,NA,NA,NA,0,8403.079,5215.367,6917.080521126761,8395.417,15,-2.4492935982947064e-16,early morning,preds,NA,NA,NA,NA,NA,NA
6178.316435857173,2023-05-06T23:45:00Z,2023-05-06T23:45:00Z,2023-05-06,2023,5,7,6,23,7,126,2,23 45,NA,NA,NA,NA,14.05,0.9000000000000004,NA,NA,NA,0,8403.079,5215.367,6915.73389122807,7432.618,15,-2.4492935982947064e-16,early morning,preds,NA,NA,NA,NA,NA,NA
6600.8904993625665,2023-05-04T00:00:00Z,NA,NA,NA,NA,NA,NA,NA,NA,NA,NA,NA NA,NA,NA,NA,NA,14.05,0.9000000000000004,NA,NA,NA,NA,8403.079,5215.367,6914.396678321678,7432.618,15,NA,sleep,preds,NA,NA,NA,NA,NA,NA
6600.8904993625665,2023-05-05T00:00:00Z,NA,NA,NA,NA,NA,NA,NA,NA,NA,NA,NA NA,NA,NA,NA,NA,14.05,0.9000000000000004,NA,NA,NA,NA,8403.079,5215.367,6913.068783972126,7432.618,15,NA,sleep,preds,NA,NA,NA,NA,NA,NA
6600.8904993625665,2023-05-06T00:00:00Z,NA,NA,NA,NA,NA,NA,NA,NA,NA,NA,NA NA,NA,NA,NA,NA,14.05,0.9000000000000004,NA,NA,NA,NA,8403.079,5215.367,6911.750111111111,7432.618,15,NA,sleep,preds,NA,NA,NA,NA,NA,NA
6955.0450473210385,2023-05-02T21:45:00Z,2023-05-02T21:45:00Z,2023-05-02,2023,5,3,2,21,3,122,2,21 45,NA,NA,NA,NA,7.3,0.5999999999999996,NA,NA,NA,2,8102.308,1909.197,6183.178836552749,6964.448,15,-0.5195839500354343,early morning,backfit,PT15M,7036.484,NA,NA,1,test
6976.324430277114,2023-05-02T22:00:00Z,2023-05-02T22:00:00Z,2023-05-02,2023,5,3,2,22,3,122,2,22 0,NA,NA,NA,NA,7.3,0.5999999999999996,NA,NA,NA,2,8102.308,1909.197,6181.5499955423475,6914.918,15,-0.2697967711570244,early morning,backfit,PT15M,6892.739,NA,NA,1,test
6757.782008824511,2023-05-02T22:15:00Z,2023-05-02T22:15:00Z,2023-05-02,2023,5,3,2,22,3,122,2,22 15,NA,NA,NA,NA,7.3,0.5999999999999996,NA,NA,NA,2,8102.308,1909.197,6179.5025081723625,6764.889,15,-0.2697967711570244,early morning,backfit,PT15M,6677.662,NA,NA,1,test
6691.4424803251595,2023-05-02T22:30:00Z,2023-05-02T22:30:00Z,2023-05-02,2023,5,3,2,22,3,122,2,22 30,NA,NA,NA,NA,7.3,0.5999999999999996,NA,NA,NA,2,8102.308,1909.197,6177.32234769688,6720.092,15,-0.2697967711570244,early morning,backfit,PT15M,6515.762,NA,NA,1,test
6537.234934658771,2023-05-02T22:45:00Z,2023-05-02T22:45:00Z,2023-05-02,2023,5,3,2,22,3,122,2,22 45,NA,NA,NA,NA,7.3,0.5999999999999996,NA,NA,NA,2,8102.308,1909.197,6175.467742942051,6501.258,15,-0.2697967711570244,early morning,backfit,PT15M,6593.733,NA,NA,1,test
6445.428573312878,2023-05-02T23:00:00Z,2023-05-02T23:00:00Z,2023-05-02,2023,5,3,2,23,3,122,2,23 0,NA,NA,NA,NA,7.3,0.5999999999999996,NA,NA,NA,2,8102.308,1909.197,6173.518796433878,6417.305,15,-2.4492935982947064e-16,early morning,backfit,PT15M,6531.887,NA,NA,1,test
6608.19089188039,2023-05-02T23:15:00Z,2023-05-02T23:15:00Z,2023-05-02,2023,5,3,2,23,3,122,2,23 15,NA,NA,NA,NA,7.3,0.5999999999999996,NA,NA,NA,2,8102.308,1909.197,6171.561417533432,6224.415,15,-2.4492935982947064e-16,early morning,backfit,PT15M,6456.229,NA,NA,1,test
6480.072060240544,2023-05-02T23:30:00Z,2023-05-02T23:30:00Z,2023-05-02,2023,5,3,2,23,3,122,2,23 30,NA,NA,NA,NA,7.3,0.5999999999999996,NA,NA,NA,2,8102.308,1909.197,6169.514120356612,6227.81,15,-2.4492935982947064e-16,early morning,backfit,PT15M,6306.697,NA,NA,1,test
6328.7150102742435,2023-05-02T23:45:00Z,2023-05-02T23:45:00Z,2023-05-02,2023,5,3,2,23,3,122,2,23 45,NA,NA,NA,NA,7.3,0.5999999999999996,NA,NA,NA,2,8102.308,1909.197,6167.588488855869,6218.873,15,-2.4492935982947064e-16,early morning,backfit,PT15M,6276.763,NA,NA,1,test
5925.278164245377,2023-05-03T00:15:00Z,2023-05-03T00:15:00Z,2023-05-03,2023,5,4,3,0,4,123,2,0 15,NA,NA,NA,NA,7.3,0.5999999999999996,NA,NA,NA,0,8102.308,1909.197,6165.493543833581,6063.026,15,0,morning,backfit,PT15M,6145.823,NA,NA,1,test
6007.241775824009,2023-05-03T00:30:00Z,2023-05-03T00:30:00Z,2023-05-03,2023,5,4,3,0,4,123,2,0 30,NA,NA,NA,NA,7.3,0.5999999999999996,NA,NA,NA,0,8102.308,1909.197,6163.5875958395245,6036.395,15,0,morning,backfit,PT15M,6112.197,NA,NA,1,test
6032.643150476952,2023-05-03T00:45:00Z,2023-05-03T00:45:00Z,2023-05-03,2023,5,4,3,0,4,123,2,0 45,NA,NA,NA,NA,7.3,0.5999999999999996,NA,NA,NA,0,8102.308,1909.197,6161.795331352155,5933.647,15,0,morning,backfit,PT15M,6160.968,NA,NA,1,test
5892.395874159891,2023-05-03T01:00:00Z,2023-05-03T01:00:00Z,2023-05-03,2023,5,4,3,1,4,123,2,1 0,NA,NA,NA,NA,7.3,0.5999999999999996,NA,NA,NA,0,8102.308,1909.197,6160.344083209509,5838.628,15,0.2697967711570243,morning,backfit,PT15M,6218.422,NA,NA,1,test
5975.6891868846105,2023-05-03T01:15:00Z,2023-05-03T01:15:00Z,2023-05-03,2023,5,4,3,1,4,123,2,1 15,NA,NA,NA,NA,7.3,0.5999999999999996,NA,NA,NA,0,8102.308,1909.197,6158.646820208024,5948.842,15,0.2697967711570243,morning,backfit,PT15M,6090.002,NA,NA,1,test
5878.437124949094,2023-05-03T01:30:00Z,2023-05-03T01:30:00Z,2023-05-03,2023,5,4,3,1,4,123,2,1 30,NA,NA,NA,NA,7.3,0.5999999999999996,NA,NA,NA,0,8102.308,1909.197,6156.949867756315,5786.269,15,0.2697967711570243,morning,backfit,PT15M,6063.176,NA,NA,1,test
5865.524811789982,2023-05-03T01:45:00Z,2023-05-03T01:45:00Z,2023-05-03,2023,5,4,3,1,4,123,2,1 45,NA,NA,NA,NA,7.3,0.5999999999999996,NA,NA,NA,0,8102.308,1909.197,6155.375722139673,5806.028,15,0.2697967711570243,morning,backfit,PT15M,6073.04,NA,NA,1,test
5844.156395846993,2023-05-03T02:00:00Z,2023-05-03T02:00:00Z,2023-05-03,2023,5,4,3,2,4,123,2,2 0,NA,NA,NA,NA,7.3,0.5999999999999996,NA,NA,NA,0,8102.308,1909.197,6153.8745765230315,5657.295,15,0.5195839500354336,morning,backfit,PT15M,6033.497,NA,NA,1,test
5847.92766714576,2023-05-03T02:15:00Z,2023-05-03T02:15:00Z,2023-05-03,2023,5,4,3,2,4,123,2,2 15,NA,NA,NA,NA,7.3,0.5999999999999996,NA,NA,NA,0,8102.308,1909.197,6152.794705794948,5583.978,15,0.5195839500354336,morning,backfit,PT15M,6110.171,NA,NA,1,test
5931.050624488099,2023-05-03T02:30:00Z,2023-05-03T02:30:00Z,2023-05-03,2023,5,4,3,2,4,123,2,2 30,NA,NA,NA,NA,7.3,0.5999999999999996,NA,NA,NA,0,8102.308,1909.197,6151.65724665676,5575.639,15,0.5195839500354336,morning,backfit,PT15M,6165.175,NA,NA,1,test
6016.38905261738,2023-05-03T02:45:00Z,2023-05-03T02:45:00Z,2023-05-03,2023,5,4,3,2,4,123,2,2 45,NA,NA,NA,NA,7.3,0.5999999999999996,NA,NA,NA,0,8102.308,1909.197,6150.687802377414,5604.397,15,0.5195839500354336,morning,backfit,PT15M,6277.516,NA,NA,1,test
6129.091699636378,2023-05-03T03:00:00Z,2023-05-03T03:00:00Z,2023-05-03,2023,5,4,3,3,4,123,2,3 0,NA,NA,NA,NA,7.3,0.5999999999999996,NA,NA,NA,0,8102.308,1909.197,6149.884774145617,5776.803,15,0.730835964278124,morning,backfit,PT15M,6381.556,NA,NA,1,test
6206.940798134834,2023-05-03T03:15:00Z,2023-05-03T03:15:00Z,2023-05-03,2023,5,4,3,3,4,123,2,3 15,NA,NA,NA,NA,7.3,0.5999999999999996,NA,NA,NA,0,8102.308,1909.197,6149.668326894503,5775.13,15,0.730835964278124,morning,backfit,PT15M,6693.227,NA,NA,1,test
6377.943882389307,2023-05-03T03:30:00Z,2023-05-03T03:30:00Z,2023-05-03,2023,5,4,3,3,4,123,2,3 30,NA,NA,NA,NA,7.3,0.5999999999999996,NA,NA,NA,0,8102.308,1909.197,6149.43368499257,5659.859,15,0.730835964278124,morning,backfit,PT15M,6786.08,NA,NA,1,test
6511.88326415399,2023-05-03T03:45:00Z,2023-05-03T03:45:00Z,2023-05-03,2023,5,4,3,3,4,123,2,3 45,NA,NA,NA,NA,7.3,0.5999999999999996,NA,NA,NA,0,8102.308,1909.197,6149.435821693908,5700.448,15,0.730835964278124,morning,backfit,PT15M,6969.464,NA,NA,1,test
6734.735503063494,2023-05-03T04:00:00Z,2023-05-03T04:00:00Z,2023-05-03,2023,5,4,3,4,4,123,2,4 0,NA,NA,NA,NA,7.3,0.5999999999999996,NA,NA,NA,0,8102.308,1909.197,6149.548716196136,5696.899,15,0.8878852184023752,morning,backfit,PT15M,7099.392,NA,NA,1,test
6867.310099078651,2023-05-03T04:15:00Z,2023-05-03T04:15:00Z,2023-05-03,2023,5,4,3,4,4,123,2,4 15,NA,NA,NA,NA,7.3,0.5999999999999996,NA,NA,NA,0,8102.308,1909.197,6149.772555720654,5764.807,15,0.8878852184023752,morning,backfit,PT15M,7225.109,NA,NA,1,test
7035.8444696049955,2023-05-03T04:30:00Z,2023-05-03T04:30:00Z,2023-05-03,2023,5,4,3,4,4,123,2,4 30,NA,NA,NA,NA,7.3,0.5999999999999996,NA,NA,NA,0,8102.308,1909.197,6149.90858692422,5786.678,15,0.8878852184023752,morning,backfit,PT15M,7257.78,NA,NA,1,test
7161.1996847671235,2023-05-03T04:45:00Z,2023-05-03T04:45:00Z,2023-05-03,2023,5,4,3,4,4,123,2,4 45,NA,NA,NA,NA,7.3,0.5999999999999996,NA,NA,NA,0,8102.308,1909.197,6150.2283001485885,5767.863,15,0.8878852184023752,morning,backfit,PT15M,7351.033,NA,NA,1,test
7165.529466369949,2023-05-03T05:00:00Z,2023-05-03T05:00:00Z,2023-05-03,2023,5,4,3,5,4,123,2,5 0,NA,NA,NA,NA,7.3,0.5999999999999996,NA,NA,NA,0,8102.308,1909.197,6150.2191545319465,5700.015,15,0.9790840876823228,early morning,backfit,PT15M,7303.041,NA,NA,1,test
7279.389395681435,2023-05-03T05:15:00Z,2023-05-03T05:15:00Z,2023-05-03,2023,5,4,3,5,4,123,2,5 15,NA,NA,NA,NA,7.3,0.5999999999999996,NA,NA,NA,0,8102.308,1909.197,6149.887359583952,5651.827,15,0.9790840876823228,early morning,backfit,PT15M,7271.614,NA,NA,1,test
7235.548306293537,2023-05-03T05:30:00Z,2023-05-03T05:30:00Z,2023-05-03,2023,5,4,3,5,4,123,2,5 30,NA,NA,NA,NA,7.3,0.5999999999999996,NA,NA,NA,0,8102.308,1909.197,6149.66081872214,5701.855,15,0.9790840876823228,early morning,backfit,PT15M,7352.406,NA,NA,1,test
7336.561047588721,2023-05-03T05:45:00Z,2023-05-03T05:45:00Z,2023-05-03,2023,5,4,3,5,4,123,2,5 45,NA,NA,NA,NA,7.3,0.5999999999999996,NA,NA,NA,0,8102.308,1909.197,6148.796248142645,5650.17,15,0.9790840876823228,early morning,backfit,PT15M,7193.038,NA,NA,1,test
7347.755792760582,2023-05-03T06:00:00Z,2023-05-03T06:00:00Z,2023-05-03,2023,5,4,3,6,4,123,2,6 0,NA,NA,NA,NA,7.3,0.5999999999999996,NA,NA,NA,0,8102.308,1909.197,6147.384564635959,5644.18,15,0.9976687691905392,early morning,backfit,PT15M,7037.29,NA,NA,1,test
7343.038932430703,2023-05-03T06:15:00Z,2023-05-03T06:15:00Z,2023-05-03,2023,5,4,3,6,4,123,2,6 15,NA,NA,NA,NA,7.3,0.5999999999999996,NA,NA,NA,0,8102.308,1909.197,6145.458827637444,5518.238,15,0.9976687691905392,early morning,backfit,PT15M,6825.492,NA,NA,1,test
7310.630911824568,2023-05-03T06:30:00Z,2023-05-03T06:30:00Z,2023-05-03,2023,5,4,3,6,4,123,2,6 30,NA,NA,NA,NA,7.3,0.5999999999999996,NA,NA,NA,0,8102.308,1909.197,6142.985060921248,5397.565,15,0.9976687691905392,early morning,backfit,PT15M,6657.769,NA,NA,1,test
7270.568222117994,2023-05-03T06:45:00Z,2023-05-03T06:45:00Z,2023-05-03,2023,5,4,3,6,4,123,2,6 45,NA,NA,NA,NA,7.3,0.5999999999999996,NA,NA,NA,0,8102.308,1909.197,6140.186106983655,5292.783,15,0.9976687691905392,early morning,backfit,PT15M,6496.756,NA,NA,1,test
7347.120007103232,2023-05-03T07:00:00Z,2023-05-03T07:00:00Z,2023-05-03,2023,5,4,3,7,4,123,2,7 0,NA,NA,NA,NA,7.3,0.5999999999999996,NA,NA,NA,0,8102.308,1909.197,6136.8747399702825,5115.502,15,0.9422609221188205,early morning,backfit,PT15M,6223.261,NA,NA,1,test
7241.072629073058,2023-05-03T07:15:00Z,2023-05-03T07:15:00Z,2023-05-03,2023,5,4,3,7,4,123,2,7 15,NA,NA,NA,NA,7.3,0.5999999999999996,NA,NA,NA,0,8102.308,1909.197,6132.885934621099,4921.75,15,0.9422609221188205,early morning,backfit,PT15M,5879.191,NA,NA,1,test
7139.480217971787,2023-05-03T07:30:00Z,2023-05-03T07:30:00Z,2023-05-03,2023,5,4,3,7,4,123,2,7 30,NA,NA,NA,NA,7.3,0.5999999999999996,NA,NA,NA,0,8102.308,1909.197,6128.783349182764,4781.684,15,0.9422609221188205,early morning,backfit,PT15M,5705.45,NA,NA,1,test
6871.289298743485,2023-05-03T07:45:00Z,2023-05-03T07:45:00Z,2023-05-03,2023,5,4,3,7,4,123,2,7 45,NA,NA,NA,NA,7.3,0.5999999999999996,NA,NA,NA,0,8102.308,1909.197,6124.308384843982,4483.861,15,0.9422609221188205,early morning,backfit,PT15M,5387.534,NA,NA,1,test
6611.4608142701945,2023-05-03T08:00:00Z,2023-05-03T08:00:00Z,2023-05-03,2023,5,4,3,8,4,123,2,8 0,NA,NA,NA,NA,7.3,0.5999999999999996,NA,NA,NA,0,8102.308,1909.197,6119.401866270431,4396.053,15,0.8169698930104421,early morning,backfit,PT15M,5019.22,NA,NA,1,test
6463.595858802049,2023-05-03T08:15:00Z,2023-05-03T08:15:00Z,2023-05-03,2023,5,4,3,8,4,123,2,8 15,NA,NA,NA,NA,7.3,0.5999999999999996,NA,NA,NA,0,8102.308,1909.197,6114.105640416047,4048.698,15,0.8169698930104421,early morning,backfit,PT15M,4695.845,NA,NA,1,test
6294.200306234456,2023-05-03T08:30:00Z,2023-05-03T08:30:00Z,2023-05-03,2023,5,4,3,8,4,123,2,8 30,NA,NA,NA,NA,7.3,0.5999999999999996,NA,NA,NA,0,8102.308,1909.197,6108.287589895988,3861.588,15,0.8169698930104421,early morning,backfit,PT15M,4362.58,NA,NA,1,test
6136.645315501144,2023-05-03T08:45:00Z,2023-05-03T08:45:00Z,2023-05-03,2023,5,4,3,8,4,123,2,8 45,NA,NA,NA,NA,7.3,0.5999999999999996,NA,NA,NA,0,8102.308,1909.197,6102.340958395245,3660.949,15,0.8169698930104421,early morning,backfit,PT15M,4225.429,NA,NA,1,test
5798.463797974181,2023-05-03T09:00:00Z,2023-05-03T09:00:00Z,2023-05-03,2023,5,4,3,9,4,123,2,9 0,NA,NA,NA,NA,7.3,0.5999999999999996,NA,NA,NA,0,8102.308,1909.197,6096.2996864784545,3423.15,15,0.6310879443260526,early morning,backfit,PT15M,4012.642,NA,NA,1,test
5707.480924068676,2023-05-03T09:15:00Z,2023-05-03T09:15:00Z,2023-05-03,2023,5,4,3,9,4,123,2,9 15,NA,NA,NA,NA,7.3,0.5999999999999996,NA,NA,NA,0,8102.308,1909.197,6090.218466567608,3187.881,15,0.6310879443260526,early morning,backfit,PT15M,3793.162,NA,NA,1,test
5695.331177645127,2023-05-03T09:30:00Z,2023-05-03T09:30:00Z,2023-05-03,2023,5,4,3,9,4,123,2,9 30,NA,NA,NA,NA,7.3,0.5999999999999996,NA,NA,NA,0,8102.308,1909.197,6084.0592823179795,3045.167,15,0.6310879443260526,early morning,backfit,PT15M,3565.81,NA,NA,1,test
5625.389341364132,2023-05-03T09:45:00Z,2023-05-03T09:45:00Z,2023-05-03,2023,5,4,3,9,4,123,2,9 45,NA,NA,NA,NA,7.3,0.5999999999999996,NA,NA,NA,0,8102.308,1909.197,6078.170093610698,2767.271,15,0.6310879443260526,early morning,backfit,PT15M,3475.6,NA,NA,1,test
5322.297182898109,2023-05-03T10:00:00Z,2023-05-03T10:00:00Z,2023-05-03,2023,5,4,3,10,4,123,2,10 0,NA,NA,NA,NA,7.3,0.5999999999999996,NA,NA,NA,0,8102.308,1909.197,6072.5590653789,2667.215,15,0.3984010898462418,early morning,backfit,PT15M,3281.792,NA,NA,1,test
5075.193492068681,2023-05-03T10:15:00Z,2023-05-03T10:15:00Z,2023-05-03,2023,5,4,3,10,4,123,2,10 15,NA,NA,NA,NA,7.3,0.5999999999999996,NA,NA,NA,0,8102.308,1909.197,6067.4860267459135,2521.311,15,0.3984010898462418,early morning,backfit,PT15M,3122.125,NA,NA,1,test
5037.1082721770135,2023-05-03T10:30:00Z,2023-05-03T10:30:00Z,2023-05-03,2023,5,4,3,10,4,123,2,10 30,NA,NA,NA,NA,7.3,0.5999999999999996,NA,NA,NA,0,8102.308,1909.197,6062.644156017831,2418.431,15,0.3984010898462418,early morning,backfit,PT15M,2982.6,NA,NA,1,test
4946.5289493892915,2023-05-03T10:45:00Z,2023-05-03T10:45:00Z,2023-05-03,2023,5,4,3,10,4,123,2,10 45,NA,NA,NA,NA,7.3,0.5999999999999996,NA,NA,NA,0,8102.308,1909.197,6058.1751827637445,2361.343,15,0.3984010898462418,early morning,backfit,PT15M,3034.589,NA,NA,1,test
4506.227363461913,2023-05-03T11:00:00Z,2023-05-03T11:00:00Z,2023-05-03,2023,5,4,3,11,4,123,2,11 0,NA,NA,NA,NA,7.3,0.5999999999999996,NA,NA,NA,0,8102.308,1909.197,6053.5861827637445,2202.019,15,0.13616664909624665,early morning,backfit,PT15M,2884.255,NA,NA,1,test
4545.085546786024,2023-05-03T11:15:00Z,2023-05-03T11:15:00Z,2023-05-03,2023,5,4,3,11,4,123,2,11 15,NA,NA,NA,NA,7.3,0.5999999999999996,NA,NA,NA,0,8102.308,1909.197,6049.119849925706,2163.442,15,0.13616664909624665,early morning,backfit,PT15M,2826.094,NA,NA,1,test
4482.259844683542,2023-05-03T11:30:00Z,2023-05-03T11:30:00Z,2023-05-03,2023,5,4,3,11,4,123,2,11 30,NA,NA,NA,NA,7.3,0.5999999999999996,NA,NA,NA,0,8102.308,1909.197,6044.755585438335,2017.15,15,0.13616664909624665,early morning,backfit,PT15M,2737.901,NA,NA,1,test
4517.751364811522,2023-05-03T11:45:00Z,2023-05-03T11:45:00Z,2023-05-03,2023,5,4,3,11,4,123,2,11 45,NA,NA,NA,NA,7.3,0.5999999999999996,NA,NA,NA,0,8102.308,1909.197,6040.566381872214,2019.449,15,0.13616664909624665,early morning,backfit,PT15M,2753.913,NA,NA,1,test
4522.931551830779,2023-05-03T12:00:00Z,2023-05-03T12:00:00Z,2023-05-03,2023,5,4,3,12,4,123,2,12 0,NA,NA,NA,NA,7.3,0.5999999999999996,NA,NA,NA,0,8102.308,1909.197,6036.619531946508,1909.197,15,-0.13616664909624643,early morning,backfit,PT15M,2652.645,NA,NA,1,test
4377.227049901567,2023-05-03T12:15:00Z,2023-05-03T12:15:00Z,2023-05-03,2023,5,4,3,12,4,123,2,12 15,NA,NA,NA,NA,7.3,0.5999999999999996,NA,NA,NA,0,8102.308,1992.057,6032.917191679049,1992.057,15,-0.13616664909624643,early morning,backfit,PT15M,2639.124,NA,NA,1,test
4337.6309144039415,2023-05-03T12:30:00Z,2023-05-03T12:30:00Z,2023-05-03,2023,5,4,3,12,4,123,2,12 30,NA,NA,NA,NA,7.3,0.5999999999999996,NA,NA,NA,0,8102.308,2018.237,6029.491161961367,2018.237,15,-0.13616664909624643,early morning,backfit,PT15M,2622.341,NA,NA,1,test
4402.48406063466,2023-05-03T12:45:00Z,2023-05-03T12:45:00Z,2023-05-03,2023,5,4,3,12,4,123,2,12 45,NA,NA,NA,NA,7.3,0.5999999999999996,NA,NA,NA,0,8102.308,2066.924,6026.346618127786,2147.58,15,-0.13616664909624643,early morning,backfit,PT15M,2671.745,NA,NA,1,test
4364.104771331709,2023-05-03T13:00:00Z,2023-05-03T13:00:00Z,2023-05-03,2023,5,4,3,13,4,123,2,13 0,NA,NA,NA,NA,7.3,0.5999999999999996,NA,NA,NA,0,8102.308,2066.924,6023.2880698365525,2066.924,15,-0.3984010898462412,early morning,backfit,PT15M,2667.797,NA,NA,1,test
4488.206429588006,2023-05-03T13:15:00Z,2023-05-03T13:15:00Z,2023-05-03,2023,5,4,3,13,4,123,2,13 15,NA,NA,NA,NA,7.3,0.5999999999999996,NA,NA,NA,0,8102.308,2185.091,6020.302120356612,2185.091,15,-0.3984010898462412,early morning,backfit,PT15M,2717.129,NA,NA,1,test
4440.85207154538,2023-05-03T13:30:00Z,2023-05-03T13:30:00Z,2023-05-03,2023,5,4,3,13,4,123,2,13 30,NA,NA,NA,NA,7.3,0.5999999999999996,NA,NA,NA,0,8102.308,2233.053,6017.709869242199,2233.053,15,-0.3984010898462412,early morning,backfit,PT15M,2943.374,NA,NA,1,test
4520.493795907443,2023-05-03T13:45:00Z,2023-05-03T13:45:00Z,2023-05-03,2023,5,4,3,13,4,123,2,13 45,NA,NA,NA,NA,7.3,0.5999999999999996,NA,NA,NA,0,8102.308,2415.451,6015.63090936107,2415.451,15,-0.3984010898462412,early morning,backfit,PT15M,3180.665,NA,NA,1,test
4493.476792117612,2023-05-03T14:00:00Z,2023-05-03T14:00:00Z,2023-05-03,2023,5,4,3,14,4,123,2,14 0,NA,NA,NA,NA,7.3,0.5999999999999996,NA,NA,NA,0,8102.308,2564.76,6013.73589153046,2564.76,15,-0.6310879443260529,early morning,backfit,PT15M,3230.35,NA,NA,1,test
4915.614715143477,2023-05-03T14:15:00Z,2023-05-03T14:15:00Z,2023-05-03,2023,5,4,3,14,4,123,2,14 15,NA,NA,NA,NA,7.3,0.5999999999999996,NA,NA,NA,0,8102.308,2622.341,6011.941716196136,2866.43,15,-0.6310879443260529,early morning,backfit,PT15M,3385.454,NA,NA,1,test
4948.191087978871,2023-05-03T14:30:00Z,2023-05-03T14:30:00Z,2023-05-03,2023,5,4,3,14,4,123,2,14 30,NA,NA,NA,NA,7.3,0.5999999999999996,NA,NA,NA,0,8102.308,2622.341,6010.3813803863295,2983.838,15,-0.6310879443260529,early morning,backfit,PT15M,3559.42,NA,NA,1,test
5031.401152720252,2023-05-03T14:45:00Z,2023-05-03T14:45:00Z,2023-05-03,2023,5,4,3,14,4,123,2,14 45,NA,NA,NA,NA,7.3,0.5999999999999996,NA,NA,NA,0,8102.308,2622.341,6009.29746359584,3105.782,15,-0.6310879443260529,early morning,backfit,PT15M,3815.872,NA,NA,1,test
5267.384998899251,2023-05-03T15:00:00Z,2023-05-03T15:00:00Z,2023-05-03,2023,5,4,3,15,4,123,2,15 0,NA,NA,NA,NA,7.3,0.5999999999999996,NA,NA,NA,0,8102.308,2622.341,6008.276857355127,3324.935,15,-0.8169698930104419,early morning,backfit,PT15M,4000.763,NA,NA,1,test
5504.6171931598665,2023-05-03T15:15:00Z,2023-05-03T15:15:00Z,2023-05-03,2023,5,4,3,15,4,123,2,15 15,NA,NA,NA,NA,7.3,0.5999999999999996,NA,NA,NA,0,8102.308,2622.341,6007.6868632986625,3656.592,15,-0.8169698930104419,early morning,backfit,PT15M,4283.219,NA,NA,1,test
5593.336628884879,2023-05-03T15:30:00Z,2023-05-03T15:30:00Z,2023-05-03,2023,5,4,3,15,4,123,2,15 30,NA,NA,NA,NA,7.3,0.5999999999999996,NA,NA,NA,0,8102.308,2622.341,6007.50962704309,3729.237,15,-0.8169698930104419,early morning,backfit,PT15M,4612.658,NA,NA,1,test
5755.4116615877,2023-05-03T15:45:00Z,2023-05-03T15:45:00Z,2023-05-03,2023,5,4,3,15,4,123,2,15 45,NA,NA,NA,NA,7.3,0.5999999999999996,NA,NA,NA,0,8102.308,2622.341,6007.567044576523,4134.476,15,-0.8169698930104419,early morning,backfit,PT15M,4935.509,NA,NA,1,test
6074.440533511598,2023-05-03T16:00:00Z,2023-05-03T16:00:00Z,2023-05-03,2023,5,4,3,16,4,123,2,16 0,NA,NA,NA,NA,7.3,0.5999999999999996,NA,NA,NA,0,8102.308,2622.341,6008.2391456166415,4280.63,15,-0.9422609221188204,early morning,backfit,PT15M,5372.846,NA,NA,1,test
6401.085542207958,2023-05-03T16:15:00Z,2023-05-03T16:15:00Z,2023-05-03,2023,5,4,3,16,4,123,2,16 15,NA,NA,NA,NA,7.3,0.5999999999999996,NA,NA,NA,0,8102.308,2622.341,6009.2072927191675,4481.417,15,-0.9422609221188204,early morning,backfit,PT15M,5707.297,NA,NA,1,test
6696.707453566515,2023-05-03T16:30:00Z,2023-05-03T16:30:00Z,2023-05-03,2023,5,4,3,16,4,123,2,16 30,NA,NA,NA,NA,7.3,0.5999999999999996,NA,NA,NA,0,8102.308,2622.341,6010.632689450223,4782.69,15,-0.9422609221188204,early morning,backfit,PT15M,6096.7,NA,NA,1,test
6882.334233849902,2023-05-03T16:45:00Z,2023-05-03T16:45:00Z,2023-05-03,2023,5,4,3,16,4,123,2,16 45,NA,NA,NA,NA,7.3,0.5999999999999996,NA,NA,NA,0,8102.308,2622.341,6012.363502228826,5195.244,15,-0.9422609221188204,early morning,backfit,PT15M,6380.042,NA,NA,1,test
6940.22852882454,2023-05-03T17:00:00Z,2023-05-03T17:00:00Z,2023-05-03,2023,5,4,3,17,4,123,2,17 0,NA,NA,NA,NA,7.3,0.5999999999999996,NA,NA,NA,0,8102.308,2622.341,6013.962931649331,5351.999,15,-0.9976687691905392,early morning,backfit,PT15M,6661.4,NA,NA,1,test
7239.693163351095,2023-05-03T17:15:00Z,2023-05-03T17:15:00Z,2023-05-03,2023,5,4,3,17,4,123,2,17 15,NA,NA,NA,NA,7.3,0.5999999999999996,NA,NA,NA,0,8102.308,2622.341,6015.5175527488855,5565.323,15,-0.9976687691905392,early morning,backfit,PT15M,6856.536,NA,NA,1,test
7352.283682970127,2023-05-03T17:30:00Z,2023-05-03T17:30:00Z,2023-05-03,2023,5,4,3,17,4,123,2,17 30,NA,NA,NA,NA,7.3,0.5999999999999996,NA,NA,NA,0,8102.308,2622.341,6016.936289747399,5780.673,15,-0.9976687691905392,early morning,backfit,PT15M,6998.578,NA,NA,1,test
7505.358120662615,2023-05-03T17:45:00Z,2023-05-03T17:45:00Z,2023-05-03,2023,5,4,3,17,4,123,2,17 45,NA,NA,NA,NA,7.3,0.5999999999999996,NA,NA,NA,0,8102.308,2622.341,6018.176515601783,6259.042,15,-0.9976687691905392,early morning,backfit,PT15M,7123.529,NA,NA,1,test
7495.335238928644,2023-05-03T18:00:00Z,2023-05-03T18:00:00Z,2023-05-03,2023,5,4,3,18,4,123,2,18 0,NA,NA,NA,NA,7.3,0.5999999999999996,NA,NA,NA,0,8102.308,2622.341,6019.276384843982,6312.39,15,-0.9790840876823228,early morning,backfit,PT15M,7288.779,NA,NA,1,test
7626.296131609974,2023-05-03T18:15:00Z,2023-05-03T18:15:00Z,2023-05-03,2023,5,4,3,18,4,123,2,18 15,NA,NA,NA,NA,7.3,0.5999999999999996,NA,NA,NA,0,8102.308,2622.341,6020.152812778603,6399.739,15,-0.9790840876823228,early morning,backfit,PT15M,7351.671,NA,NA,1,test
7696.727606513707,2023-05-03T18:30:00Z,2023-05-03T18:30:00Z,2023-05-03,2023,5,4,3,18,4,123,2,18 30,NA,NA,NA,NA,7.3,0.5999999999999996,NA,NA,NA,0,8102.308,2622.341,6020.724267459138,6544.337,15,-0.9790840876823228,early morning,backfit,PT15M,7359.069,NA,NA,1,test
7580.9105041968205,2023-05-03T18:45:00Z,2023-05-03T18:45:00Z,2023-05-03,2023,5,4,3,18,4,123,2,18 45,NA,NA,NA,NA,7.3,0.5999999999999996,NA,NA,NA,0,8102.308,2622.341,6020.766317979198,6648.479,15,-0.9790840876823228,early morning,backfit,PT15M,7391.133,NA,NA,1,test
7463.870632989554,2023-05-03T19:00:00Z,2023-05-03T19:00:00Z,2023-05-03,2023,5,4,3,19,4,123,2,19 0,NA,NA,NA,NA,7.3,0.5999999999999996,NA,NA,NA,0,8102.308,2622.341,6020.426423476969,6858.202,15,-0.8878852184023751,early morning,backfit,PT15M,7278.245,NA,NA,1,test
7422.493164769237,2023-05-03T19:15:00Z,2023-05-03T19:15:00Z,2023-05-03,2023,5,4,3,19,4,123,2,19 15,NA,NA,NA,NA,7.3,0.5999999999999996,NA,NA,NA,0,8102.308,2622.341,6019.933164933135,6955.69,15,-0.8878852184023751,early morning,backfit,PT15M,7287.794,NA,NA,1,test
7342.768779980079,2023-05-03T19:30:00Z,2023-05-03T19:30:00Z,2023-05-03,2023,5,4,3,19,4,123,2,19 30,NA,NA,NA,NA,7.3,0.5999999999999996,NA,NA,NA,0,8102.308,2622.341,6019.066860326894,6878.937,15,-0.8878852184023751,early morning,backfit,PT15M,7208.481,NA,NA,1,test
7172.032045283124,2023-05-03T19:45:00Z,2023-05-03T19:45:00Z,2023-05-03,2023,5,4,3,19,4,123,2,19 45,NA,NA,NA,NA,7.3,0.5999999999999996,NA,NA,NA,0,8102.308,2622.341,6017.6675378900445,6952.708,15,-0.8878852184023751,early morning,backfit,PT15M,7110.963,NA,NA,1,test
7241.816972032519,2023-05-03T20:00:00Z,2023-05-03T20:00:00Z,2023-05-03,2023,5,4,3,20,4,123,2,20 0,NA,NA,NA,NA,7.3,0.5999999999999996,NA,NA,NA,0,8102.308,2622.341,6016.336508172362,6973.696,15,-0.7308359642781246,early morning,backfit,PT15M,7185.123,NA,NA,1,test
7311.991447342979,2023-05-03T20:15:00Z,2023-05-03T20:15:00Z,2023-05-03,2023,5,4,3,20,4,123,2,20 15,NA,NA,NA,NA,7.3,0.5999999999999996,NA,NA,NA,0,8102.308,2622.341,6014.969637444279,6814.523,15,-0.7308359642781246,early morning,backfit,PT15M,7213.606,NA,NA,1,test
7275.98491498996,2023-05-03T20:30:00Z,2023-05-03T20:30:00Z,2023-05-03,2023,5,4,3,20,4,123,2,20 30,NA,NA,NA,NA,7.3,0.5999999999999996,NA,NA,NA,0,8102.308,2622.341,6013.464833580981,6688.238,15,-0.7308359642781246,early morning,backfit,PT15M,7095.47,NA,NA,1,test
7208.677701825567,2023-05-03T20:45:00Z,2023-05-03T20:45:00Z,2023-05-03,2023,5,4,3,20,4,123,2,20 45,NA,NA,NA,NA,7.3,0.5999999999999996,NA,NA,NA,0,8102.308,2622.341,6011.969450222882,6710.469,15,-0.7308359642781246,early morning,backfit,PT15M,7010.354,NA,NA,1,test
7129.988640545567,2023-05-03T21:00:00Z,2023-05-03T21:00:00Z,2023-05-03,2023,5,4,3,21,4,123,2,21 0,NA,NA,NA,NA,7.3,0.5999999999999996,NA,NA,NA,0,8102.308,2622.341,6010.321421991085,6682.03,15,-0.5195839500354343,early morning,backfit,PT15M,6926.708,NA,NA,1,test
7096.688425829081,2023-05-03T21:15:00Z,2023-05-03T21:15:00Z,2023-05-03,2023,5,4,3,21,4,123,2,21 15,NA,NA,NA,NA,7.3,0.5999999999999996,NA,NA,NA,0,8102.308,2622.341,6008.426343239227,6704.007,15,-0.5195839500354343,early morning,backfit,PT15M,6832.035,NA,NA,1,test
6989.552037139617,2023-05-03T21:30:00Z,2023-05-03T21:30:00Z,2023-05-03,2023,5,4,3,21,4,123,2,21 30,NA,NA,NA,NA,7.3,0.5999999999999996,NA,NA,NA,0,8102.308,2622.341,6006.487331352155,6570.956,15,-0.5195839500354343,early morning,backfit,PT15M,6661.345,NA,NA,1,test
6887.886129307933,2023-05-03T21:45:00Z,2023-05-03T21:45:00Z,2023-05-03,2023,5,4,3,21,4,123,2,21 45,NA,NA,NA,NA,7.3,0.5999999999999996,NA,NA,NA,0,8102.308,2622.341,6004.699020802377,6630.768,15,-0.5195839500354343,early morning,backfit,PT15M,6511.753,NA,NA,1,test
6002.170319733667,2023-05-03T00:00:00Z,NA,NA,NA,NA,NA,NA,NA,NA,NA,NA,NA NA,8.1,0,8.1,0,8.1,0,0,0,NA,NA,8102.308,2622.341,6002.222208023774,6529.228,15,NA,sleep,backfit,PT15M,6212.394,NA,NA,1,test
5906.312663832492,2023-05-03T00:00:00Z,NA,NA,NA,NA,NA,NA,NA,NA,NA,NA,NA NA,8.1,0,7.3,51,7.699999999999999,0.7999999999999998,51,0,NA,NA,8102.308,2622.341,5999.697031203566,6444.063,15,NA,sleep,backfit,PT15M,6212.394,NA,NA,1,test
6065.1266549142565,2023-05-03T00:00:00Z,NA,NA,NA,NA,NA,NA,NA,NA,NA,NA,NA NA,7.8,51,8.1,0,7.949999999999999,-0.2999999999999998,0,51,NA,NA,8102.308,2622.341,5997.140407132244,6251.782,15,NA,sleep,backfit,PT15M,6212.394,NA,NA,1,test
6159.852557850464,2023-05-03T00:00:00Z,NA,NA,NA,NA,NA,NA,NA,NA,NA,NA,NA NA,7.8,51,7.3,51,7.55,0.5,51,51,NA,NA,8102.308,2622.341,5994.676334323923,6190.052,15,NA,sleep,backfit,PT15M,6212.394,NA,NA,1,test
